TestNo,TestName
1,org.joda.time.TestDateTimeConstants
2,org.joda.time.field.TestFieldUtils
3,org.joda.time.TestPartial_Match
4,org.joda.time.tz.TestUTCProvider
5,org.joda.time.convert.TestConverterSet
6,org.joda.time.format.TestPeriodFormatParsing
7,org.joda.time.convert.TestReadablePeriodConverter
8,org.joda.time.format.TestISOPeriodFormat
9,org.joda.time.tz.TestFixedDateTimeZone
10,org.joda.time.chrono.TestGJDate
11,org.joda.time.convert.TestLongConverter
12,org.joda.time.convert.TestReadableDurationConverter
13,org.joda.time.tz.TestCachedDateTimeZone
14,org.joda.time.convert.TestReadableInstantConverter
15,org.joda.time.convert.TestDateConverter
16,org.joda.time.TestYearMonth_Properties
17,org.joda.time.format.TestISOPeriodFormatParsing
18,org.joda.time.format.TestPeriodFormatter
19,org.joda.time.TestDurationField
20,org.joda.time.TestPartial_Constructors
21,org.joda.time.convert.TestReadablePartialConverter
22,org.joda.time.TestBasePartial
23,org.joda.time.chrono.TestJulianChronology
24,org.joda.time.TestMonthDay_Properties
25,org.joda.time.TestLocalDate_Properties
26,org.joda.time.TestYearMonthDay_Properties
27,org.joda.time.convert.TestReadableIntervalConverter
28,org.joda.time.convert.TestNullConverter
29,org.joda.time.chrono.TestGregorianChronology
30,org.joda.time.field.TestUnsupportedDateTimeField
31,org.joda.time.TestPartial_Properties
32,org.joda.time.field.TestMillisDurationField
33,org.joda.time.field.TestPreciseDurationField
34,org.joda.time.TestAbstractPartial
35,org.joda.time.convert.TestCalendarConverter
36,org.joda.time.field.TestScaledDurationField
37,org.joda.time.chrono.TestLenientChronology
38,org.joda.time.TestDateTimeUtils
39,org.joda.time.TestDuration_Constructors
40,org.joda.time.TestYearMonthDay_Constructors
41,org.joda.time.TestInstant_Constructors
42,org.joda.time.TestYearMonth_Constructors
43,org.joda.time.TestDateMidnight_Properties
44,org.joda.time.TestMutableInterval_Basics
45,org.joda.time.format.TestPeriodFormatterBuilder
46,org.joda.time.TestBaseSingleFieldPeriod
47,org.joda.time.TestMutablePeriod_Basics
48,org.joda.time.TestLocalDateTime_Properties
49,org.joda.time.TestDateTimeFieldType
50,org.joda.time.TestDurationFieldType
51,org.joda.time.TestLocalTime_Properties
52,org.joda.time.TestYears
53,org.joda.time.TestIllegalFieldValueException
54,org.joda.time.TestInstant_Basics
55,org.joda.time.field.TestPreciseDateTimeField
56,org.joda.time.TestLocalDate_Constructors
57,org.joda.time.TestMutableInterval_Updates
58,org.joda.time.TestWeeks
59,org.joda.time.field.TestPreciseDurationDateTimeField
60,org.joda.time.TestSeconds
61,org.joda.time.field.TestBaseDateTimeField
62,org.joda.time.field.TestOffsetDateTimeField
63,org.joda.time.TestLocalDateTime_Constructors
64,org.joda.time.TestYearMonth_Basics
65,org.joda.time.TestHours
66,org.joda.time.TestLocalTime_Basics
67,org.joda.time.TestMinutes
68,org.joda.time.TestTimeOfDay_Basics
69,org.joda.time.TestChronology
70,org.joda.time.TestLocalTime_Constructors
71,org.joda.time.TestMonthDay_Constructors
72,org.joda.time.TestTimeOfDay_Constructors
73,org.joda.time.format.TestISODateTimeFormat
74,org.joda.time.TestMonths
75,org.joda.time.TestMutableDateTime_Basics
76,org.joda.time.TestMutableDateTime_Adds
77,org.joda.time.TestMutableDateTime_Constructors
78,org.joda.time.format.TestISODateTimeFormat_Fields
79,org.joda.time.TestDateTimeComparator
80,org.joda.time.TestDateMidnight_Constructors
81,org.joda.time.TestDays
82,org.joda.time.TestPeriodType
83,org.joda.time.format.TestDateTimeFormatterBuilder
84,org.joda.time.format.TestDateTimeFormatStyle
85,org.joda.time.TestMonthDay_Basics
86,org.joda.time.convert.TestStringConverter
87,org.joda.time.TestYearMonthDay_Basics
88,org.joda.time.format.TestTextFields
89,org.joda.time.convert.TestConverterManager
90,org.joda.time.TestDateMidnight_Basics
91,org.joda.time.TestDateTime_Constructors
92,org.joda.time.TestMutableDateTime_Properties
93,org.joda.time.TestMutablePeriod_Constructors
94,org.joda.time.format.TestISODateTimeFormatParsing
95,org.joda.time.TestMutableDateTime_Sets
96,org.joda.time.format.TestDateTimeFormatter
97,org.joda.time.TestMutableInterval_Constructors
98,org.joda.time.TestLocalDateTime_Basics
99,org.joda.time.TestStringConvert
100,org.joda.time.TestDuration_Basics
101,org.joda.time.TestPartial_Basics
102,org.joda.time.TestDateTime_Properties
103,org.joda.time.TestDateTime_Basics
104,org.joda.time.TestMutablePeriod_Updates
105,org.joda.time.format.TestDateTimeFormat
106,org.joda.time.TestInterval_Constructors
107,org.joda.time.TestPeriod_Basics
108,org.joda.time.format.TestPeriodFormat
109,org.joda.time.TestLocalDate_Basics
110,org.joda.time.TestInterval_Basics
111,org.joda.time.TestSerialization
112,org.joda.time.TestPeriod_Constructors
113,org.joda.time.TestDateTimeZone
114,org.joda.time.TestDateTimeZoneCutover
115,org.joda.time.tz.TestCompiler
116,org.joda.time.chrono.TestISOChronology
117,org.joda.time.tz.TestBuilder
118,org.joda.time.TestTimeOfDay_Properties
119,org.joda.time.chrono.TestEthiopicChronology
120,org.joda.time.chrono.TestCopticChronology
121,org.joda.time.chrono.TestGJChronology
122,org.joda.time.chrono.TestBuddhistChronology
123,org.joda.time.chrono.TestIslamicChronology
