MutantNo,[FAIL | TIME | EXC | LIVE]
1,LIVE
2,FAIL
3,FAIL
4,FAIL
5,LIVE
6,LIVE
7,FAIL
8,LIVE
9,LIVE
10,FAIL
11,LIVE
12,LIVE
13,LIVE
14,LIVE
15,LIVE
16,FAIL
17,FAIL
18,FAIL
19,LIVE
20,FAIL
21,LIVE
22,FAIL
23,FAIL
24,FAIL
25,LIVE
26,FAIL
27,LIVE
28,LIVE
29,FAIL
30,FAIL
31,FAIL
32,FAIL
33,LIVE
34,FAIL
35,LIVE
36,FAIL
37,FAIL
38,FAIL
39,FAIL
40,FAIL
41,LIVE
42,LIVE
43,FAIL
44,LIVE
45,LIVE
46,FAIL
47,FAIL
48,LIVE
49,LIVE
50,LIVE
51,FAIL
52,FAIL
53,FAIL
54,LIVE
55,FAIL
56,FAIL
57,FAIL
58,LIVE
59,FAIL
60,FAIL
61,FAIL
62,FAIL
63,FAIL
64,FAIL
65,LIVE
66,FAIL
67,FAIL
68,LIVE
69,FAIL
70,FAIL
71,FAIL
72,FAIL
73,LIVE
74,FAIL
75,FAIL
76,LIVE
77,FAIL
78,FAIL
79,FAIL
80,LIVE
81,FAIL
82,FAIL
83,LIVE
84,FAIL
85,FAIL
86,FAIL
87,LIVE
88,FAIL
89,FAIL
90,LIVE
91,FAIL
92,FAIL
93,FAIL
94,LIVE
95,FAIL
96,FAIL
97,LIVE
98,FAIL
99,FAIL
100,FAIL
101,LIVE
102,FAIL
103,FAIL
104,LIVE
105,FAIL
106,FAIL
107,FAIL
108,LIVE
109,FAIL
110,FAIL
111,LIVE
112,FAIL
113,FAIL
114,FAIL
115,LIVE
116,FAIL
117,FAIL
118,LIVE
119,FAIL
120,FAIL
121,FAIL
122,LIVE
123,FAIL
124,FAIL
125,LIVE
126,FAIL
127,FAIL
128,LIVE
129,LIVE
130,FAIL
131,FAIL
132,FAIL
133,FAIL
134,FAIL
135,FAIL
136,FAIL
137,FAIL
138,FAIL
139,FAIL
140,FAIL
141,FAIL
142,FAIL
143,FAIL
144,FAIL
145,FAIL
146,LIVE
147,FAIL
148,FAIL
149,LIVE
150,FAIL
151,FAIL
152,FAIL
153,FAIL
154,FAIL
155,FAIL
156,FAIL
157,FAIL
158,FAIL
159,FAIL
160,FAIL
161,FAIL
162,LIVE
163,FAIL
164,FAIL
165,FAIL
166,LIVE
167,FAIL
168,FAIL
169,FAIL
170,LIVE
171,FAIL
172,FAIL
173,FAIL
174,LIVE
175,FAIL
176,FAIL
177,FAIL
178,LIVE
179,FAIL
180,FAIL
181,FAIL
182,LIVE
183,FAIL
184,FAIL
185,FAIL
186,LIVE
187,FAIL
188,FAIL
189,FAIL
190,LIVE
191,FAIL
192,FAIL
193,FAIL
194,LIVE
195,FAIL
196,FAIL
197,FAIL
198,LIVE
199,FAIL
200,FAIL
201,FAIL
202,LIVE
203,FAIL
204,FAIL
205,FAIL
206,LIVE
207,FAIL
208,FAIL
209,FAIL
210,LIVE
211,FAIL
212,FAIL
213,FAIL
214,LIVE
215,FAIL
216,FAIL
217,FAIL
218,LIVE
219,FAIL
220,FAIL
221,FAIL
222,LIVE
223,FAIL
224,FAIL
225,FAIL
226,LIVE
227,FAIL
228,FAIL
229,FAIL
230,LIVE
231,FAIL
232,FAIL
233,FAIL
234,FAIL
235,LIVE
236,FAIL
237,FAIL
238,LIVE
239,FAIL
240,LIVE
241,FAIL
242,FAIL
243,FAIL
244,FAIL
245,LIVE
246,FAIL
247,FAIL
248,LIVE
249,FAIL
250,FAIL
251,FAIL
252,FAIL
253,FAIL
254,FAIL
255,LIVE
256,FAIL
257,FAIL
258,LIVE
259,FAIL
260,FAIL
261,FAIL
262,FAIL
263,FAIL
264,FAIL
265,LIVE
266,FAIL
267,FAIL
268,LIVE
269,FAIL
270,FAIL
271,FAIL
272,FAIL
273,FAIL
274,FAIL
275,LIVE
276,FAIL
277,FAIL
278,LIVE
279,FAIL
280,FAIL
281,FAIL
282,FAIL
283,FAIL
284,FAIL
285,LIVE
286,FAIL
287,FAIL
288,LIVE
289,FAIL
290,FAIL
291,FAIL
292,FAIL
293,FAIL
294,FAIL
295,LIVE
296,FAIL
297,FAIL
298,LIVE
299,FAIL
300,FAIL
301,FAIL
302,FAIL
303,FAIL
304,FAIL
305,LIVE
306,FAIL
307,FAIL
308,LIVE
309,FAIL
310,FAIL
311,FAIL
312,FAIL
313,FAIL
314,FAIL
315,LIVE
316,FAIL
317,FAIL
318,LIVE
319,FAIL
320,FAIL
321,FAIL
322,FAIL
323,FAIL
324,FAIL
325,LIVE
326,FAIL
327,FAIL
328,FAIL
329,FAIL
330,LIVE
331,FAIL
332,FAIL
333,FAIL
334,FAIL
335,FAIL
336,FAIL
337,FAIL
338,FAIL
339,FAIL
340,LIVE
341,FAIL
342,FAIL
343,FAIL
344,FAIL
345,LIVE
346,FAIL
347,FAIL
348,FAIL
349,FAIL
350,FAIL
351,FAIL
352,FAIL
353,FAIL
354,FAIL
355,LIVE
356,FAIL
357,FAIL
358,FAIL
359,FAIL
360,LIVE
361,FAIL
362,FAIL
363,FAIL
364,FAIL
365,FAIL
366,FAIL
367,FAIL
368,FAIL
369,FAIL
370,LIVE
371,FAIL
372,FAIL
373,FAIL
374,FAIL
375,LIVE
376,FAIL
377,FAIL
378,FAIL
379,FAIL
380,FAIL
381,FAIL
382,FAIL
383,FAIL
384,FAIL
385,LIVE
386,FAIL
387,FAIL
388,FAIL
389,FAIL
390,LIVE
391,FAIL
392,FAIL
393,FAIL
394,FAIL
395,FAIL
396,FAIL
397,FAIL
398,FAIL
399,FAIL
400,LIVE
401,FAIL
402,FAIL
403,FAIL
404,FAIL
405,LIVE
406,FAIL
407,FAIL
408,FAIL
409,FAIL
410,FAIL
411,FAIL
412,FAIL
413,FAIL
414,FAIL
415,LIVE
416,FAIL
417,FAIL
418,FAIL
419,FAIL
420,LIVE
421,FAIL
422,FAIL
423,FAIL
424,FAIL
425,FAIL
426,FAIL
427,FAIL
428,FAIL
429,FAIL
430,LIVE
431,FAIL
432,FAIL
433,FAIL
434,FAIL
435,LIVE
436,FAIL
437,FAIL
438,FAIL
439,FAIL
440,FAIL
441,FAIL
442,FAIL
443,FAIL
444,FAIL
445,LIVE
446,FAIL
447,FAIL
448,FAIL
449,FAIL
450,LIVE
451,FAIL
452,FAIL
453,FAIL
454,FAIL
455,FAIL
456,FAIL
457,FAIL
458,FAIL
459,FAIL
460,FAIL
461,FAIL
462,FAIL
463,LIVE
464,FAIL
465,FAIL
466,FAIL
467,LIVE
468,FAIL
469,FAIL
470,LIVE
471,LIVE
472,FAIL
473,FAIL
474,LIVE
475,LIVE
476,FAIL
477,FAIL
478,LIVE
479,LIVE
480,FAIL
481,FAIL
482,LIVE
483,LIVE
484,FAIL
485,FAIL
486,LIVE
487,LIVE
488,FAIL
489,FAIL
490,LIVE
491,LIVE
492,FAIL
493,FAIL
494,LIVE
495,LIVE
496,FAIL
497,FAIL
498,FAIL
499,LIVE
500,FAIL
501,FAIL
502,FAIL
503,LIVE
504,FAIL
505,FAIL
506,FAIL
507,FAIL
508,FAIL
509,FAIL
510,FAIL
511,LIVE
512,LIVE
513,FAIL
514,LIVE
515,FAIL
516,FAIL
517,FAIL
518,LIVE
519,FAIL
520,FAIL
521,FAIL
522,FAIL
523,FAIL
524,FAIL
525,LIVE
526,FAIL
527,FAIL
528,FAIL
529,LIVE
530,FAIL
531,FAIL
532,FAIL
533,FAIL
534,FAIL
535,FAIL
536,FAIL
537,FAIL
538,FAIL
539,LIVE
540,LIVE
541,FAIL
542,LIVE
543,FAIL
544,FAIL
545,FAIL
546,FAIL
547,FAIL
548,FAIL
549,FAIL
550,FAIL
551,LIVE
552,FAIL
553,FAIL
554,FAIL
555,LIVE
556,FAIL
557,FAIL
558,FAIL
559,FAIL
560,FAIL
561,FAIL
562,FAIL
563,FAIL
564,FAIL
565,LIVE
566,LIVE
567,FAIL
568,LIVE
569,FAIL
570,FAIL
571,FAIL
572,FAIL
573,FAIL
574,FAIL
575,FAIL
576,FAIL
577,LIVE
578,FAIL
579,FAIL
580,FAIL
581,LIVE
582,FAIL
583,FAIL
584,FAIL
585,FAIL
586,FAIL
587,FAIL
588,FAIL
589,FAIL
590,FAIL
591,LIVE
592,LIVE
593,FAIL
594,LIVE
595,FAIL
596,FAIL
597,FAIL
598,FAIL
599,FAIL
600,FAIL
601,FAIL
602,FAIL
603,LIVE
604,FAIL
605,FAIL
606,FAIL
607,LIVE
608,FAIL
609,FAIL
610,FAIL
611,FAIL
612,FAIL
613,FAIL
614,FAIL
615,FAIL
616,FAIL
617,LIVE
618,LIVE
619,FAIL
620,LIVE
621,FAIL
622,FAIL
623,FAIL
624,FAIL
625,FAIL
626,FAIL
627,FAIL
628,FAIL
629,LIVE
630,FAIL
631,FAIL
632,FAIL
633,LIVE
634,FAIL
635,FAIL
636,FAIL
637,FAIL
638,FAIL
639,FAIL
640,FAIL
641,FAIL
642,FAIL
643,LIVE
644,LIVE
645,FAIL
646,LIVE
647,FAIL
648,FAIL
649,FAIL
650,FAIL
651,FAIL
652,FAIL
653,FAIL
654,FAIL
655,LIVE
656,FAIL
657,FAIL
658,LIVE
659,FAIL
660,FAIL
661,FAIL
662,FAIL
663,FAIL
664,FAIL
665,FAIL
666,FAIL
667,LIVE
668,FAIL
669,FAIL
670,FAIL
671,FAIL
672,FAIL
673,LIVE
674,FAIL
675,LIVE
676,FAIL
677,FAIL
678,FAIL
679,LIVE
680,LIVE
681,FAIL
682,LIVE
683,FAIL
684,FAIL
685,FAIL
686,FAIL
687,FAIL
688,FAIL
689,FAIL
690,FAIL
691,LIVE
692,LIVE
693,FAIL
694,FAIL
695,FAIL
696,FAIL
697,FAIL
698,FAIL
699,FAIL
700,LIVE
701,FAIL
702,LIVE
703,FAIL
704,FAIL
705,FAIL
706,LIVE
707,FAIL
708,FAIL
709,LIVE
710,FAIL
711,FAIL
712,LIVE
713,FAIL
714,FAIL
715,FAIL
716,FAIL
717,FAIL
718,FAIL
719,FAIL
720,FAIL
721,LIVE
722,LIVE
723,FAIL
724,LIVE
725,FAIL
726,FAIL
727,FAIL
728,FAIL
729,FAIL
730,FAIL
731,FAIL
732,FAIL
733,LIVE
734,FAIL
735,FAIL
736,LIVE
737,FAIL
738,LIVE
739,FAIL
740,FAIL
741,FAIL
742,FAIL
743,FAIL
744,FAIL
745,LIVE
746,LIVE
747,FAIL
748,FAIL
749,FAIL
750,FAIL
751,FAIL
752,FAIL
753,FAIL
754,FAIL
755,FAIL
756,FAIL
757,LIVE
758,FAIL
759,FAIL
760,LIVE
761,FAIL
762,FAIL
763,LIVE
764,FAIL
765,FAIL
766,FAIL
767,LIVE
768,FAIL
769,FAIL
770,LIVE
771,FAIL
772,FAIL
773,FAIL
774,FAIL
775,LIVE
776,FAIL
777,FAIL
778,LIVE
779,FAIL
780,FAIL
781,FAIL
782,LIVE
783,FAIL
784,FAIL
785,LIVE
786,FAIL
787,FAIL
788,FAIL
789,LIVE
790,FAIL
791,FAIL
792,LIVE
793,FAIL
794,FAIL
795,FAIL
796,FAIL
797,LIVE
798,FAIL
799,FAIL
800,LIVE
801,FAIL
802,FAIL
803,FAIL
804,LIVE
805,FAIL
806,FAIL
807,LIVE
808,FAIL
809,FAIL
810,FAIL
811,LIVE
812,FAIL
813,FAIL
814,LIVE
815,FAIL
816,FAIL
817,FAIL
818,FAIL
819,LIVE
820,FAIL
821,FAIL
822,LIVE
823,FAIL
824,FAIL
825,FAIL
826,LIVE
827,FAIL
828,FAIL
829,LIVE
830,FAIL
831,FAIL
832,FAIL
833,LIVE
834,FAIL
835,FAIL
836,LIVE
837,FAIL
838,FAIL
839,FAIL
840,FAIL
841,LIVE
842,FAIL
843,FAIL
844,LIVE
845,FAIL
846,FAIL
847,FAIL
848,LIVE
849,FAIL
850,FAIL
851,LIVE
852,FAIL
853,FAIL
854,FAIL
855,LIVE
856,FAIL
857,FAIL
858,LIVE
859,FAIL
860,FAIL
861,FAIL
862,FAIL
863,LIVE
864,FAIL
865,FAIL
866,LIVE
867,FAIL
868,FAIL
869,FAIL
870,LIVE
871,FAIL
872,FAIL
873,LIVE
874,FAIL
875,FAIL
876,FAIL
877,LIVE
878,FAIL
879,FAIL
880,LIVE
881,FAIL
882,FAIL
883,FAIL
884,FAIL
885,LIVE
886,FAIL
887,FAIL
888,LIVE
889,FAIL
890,FAIL
891,FAIL
892,LIVE
893,FAIL
894,FAIL
895,LIVE
896,FAIL
897,FAIL
898,FAIL
899,LIVE
900,FAIL
901,FAIL
902,LIVE
903,FAIL
904,FAIL
905,FAIL
906,FAIL
907,LIVE
908,FAIL
909,FAIL
910,LIVE
911,FAIL
912,FAIL
913,FAIL
914,LIVE
915,FAIL
916,FAIL
917,LIVE
918,FAIL
919,FAIL
920,FAIL
921,LIVE
922,FAIL
923,FAIL
924,LIVE
925,FAIL
926,FAIL
927,FAIL
928,FAIL
929,LIVE
930,FAIL
931,FAIL
932,LIVE
933,FAIL
934,FAIL
935,FAIL
936,LIVE
937,FAIL
938,FAIL
939,FAIL
940,LIVE
941,FAIL
942,FAIL
943,FAIL
944,LIVE
945,FAIL
946,FAIL
947,FAIL
948,LIVE
949,FAIL
950,FAIL
951,FAIL
952,LIVE
953,FAIL
954,FAIL
955,FAIL
956,LIVE
957,FAIL
958,FAIL
959,FAIL
960,LIVE
961,FAIL
962,FAIL
963,FAIL
964,LIVE
965,FAIL
966,FAIL
967,FAIL
968,LIVE
969,FAIL
970,FAIL
971,FAIL
972,FAIL
973,LIVE
974,FAIL
975,FAIL
976,FAIL
977,LIVE
978,FAIL
979,FAIL
980,FAIL
981,LIVE
982,FAIL
983,FAIL
984,FAIL
985,LIVE
986,FAIL
987,FAIL
988,FAIL
989,LIVE
990,FAIL
991,FAIL
992,FAIL
993,LIVE
994,FAIL
995,FAIL
996,FAIL
997,LIVE
998,FAIL
999,FAIL
1000,FAIL
1001,LIVE
1002,FAIL
1003,FAIL
1004,FAIL
1005,LIVE
1006,FAIL
1007,FAIL
1008,FAIL
1009,FAIL
1010,FAIL
1011,FAIL
1012,FAIL
1013,FAIL
1014,FAIL
1015,FAIL
1016,FAIL
1017,FAIL
1018,FAIL
1019,FAIL
1020,FAIL
1021,FAIL
1022,FAIL
1023,FAIL
1024,FAIL
1025,FAIL
1026,FAIL
1027,FAIL
1028,FAIL
1029,FAIL
1030,FAIL
1031,LIVE
1032,LIVE
1033,FAIL
1034,FAIL
1035,FAIL
1036,FAIL
1037,FAIL
1038,FAIL
1039,FAIL
1040,LIVE
1041,LIVE
1042,FAIL
1043,LIVE
1044,FAIL
1045,FAIL
1046,LIVE
1047,FAIL
1048,FAIL
1049,LIVE
1050,FAIL
1051,FAIL
1052,LIVE
1053,FAIL
1054,FAIL
1055,LIVE
1056,FAIL
1057,FAIL
1058,LIVE
1059,FAIL
1060,FAIL
1061,LIVE
1062,FAIL
1063,FAIL
1064,LIVE
1065,FAIL
1066,FAIL
1067,LIVE
1068,FAIL
1069,FAIL
1070,FAIL
1071,FAIL
1072,LIVE
1073,LIVE
1074,FAIL
1075,FAIL
1076,LIVE
1077,LIVE
1078,FAIL
1079,FAIL
1080,LIVE
1081,FAIL
1082,FAIL
1083,FAIL
1084,FAIL
1085,FAIL
1086,FAIL
1087,LIVE
1088,FAIL
1089,FAIL
1090,FAIL
1091,FAIL
1092,FAIL
1093,FAIL
1094,LIVE
1095,FAIL
1096,FAIL
1097,FAIL
1098,FAIL
1099,FAIL
1100,FAIL
1101,LIVE
1102,FAIL
1103,FAIL
1104,FAIL
1105,FAIL
1106,FAIL
1107,FAIL
1108,LIVE
1109,FAIL
1110,FAIL
1111,FAIL
1112,FAIL
1113,FAIL
1114,FAIL
1115,LIVE
1116,FAIL
1117,FAIL
1118,FAIL
1119,FAIL
1120,FAIL
1121,FAIL
1122,LIVE
1123,FAIL
1124,FAIL
1125,FAIL
1126,FAIL
1127,FAIL
1128,FAIL
1129,LIVE
1130,FAIL
1131,FAIL
1132,FAIL
1133,FAIL
1134,FAIL
1135,FAIL
1136,LIVE
1137,FAIL
1138,FAIL
1139,FAIL
1140,FAIL
1141,FAIL
1142,FAIL
1143,FAIL
1144,FAIL
1145,FAIL
1146,FAIL
1147,FAIL
1148,LIVE
1149,FAIL
1150,FAIL
1151,LIVE
1152,FAIL
1153,FAIL
1154,LIVE
1155,LIVE
1156,FAIL
1157,FAIL
1158,FAIL
1159,FAIL
1160,FAIL
1161,LIVE
1162,FAIL
1163,LIVE
1164,LIVE
1165,FAIL
1166,FAIL
1167,LIVE
1168,LIVE
1169,LIVE
1170,FAIL
1171,LIVE
1172,LIVE
1173,FAIL
1174,FAIL
1175,LIVE
1176,FAIL
1177,LIVE
1178,FAIL
1179,FAIL
1180,FAIL
1181,LIVE
1182,FAIL
1183,FAIL
1184,LIVE
1185,FAIL
1186,FAIL
1187,FAIL
1188,FAIL
1189,FAIL
1190,FAIL
1191,FAIL
1192,FAIL
1193,FAIL
1194,FAIL
1195,FAIL
1196,FAIL
1197,FAIL
1198,FAIL
1199,LIVE
1200,FAIL
1201,FAIL
1202,LIVE
1203,FAIL
1204,FAIL
1205,FAIL
1206,FAIL
1207,FAIL
1208,LIVE
1209,FAIL
1210,FAIL
1211,LIVE
1212,FAIL
1213,FAIL
1214,LIVE
1215,FAIL
1216,FAIL
1217,FAIL
1218,FAIL
1219,FAIL
1220,FAIL
1221,FAIL
1222,FAIL
1223,FAIL
1224,LIVE
1225,FAIL
1226,FAIL
1227,FAIL
1228,FAIL
1229,FAIL
1230,FAIL
1231,FAIL
1232,FAIL
1233,FAIL
1234,FAIL
1235,FAIL
1236,FAIL
1237,FAIL
1238,LIVE
1239,FAIL
1240,FAIL
1241,LIVE
1242,FAIL
1243,FAIL
1244,LIVE
1245,FAIL
1246,FAIL
1247,LIVE
1248,FAIL
1249,FAIL
1250,LIVE
1251,LIVE
1252,FAIL
1253,LIVE
1254,LIVE
1255,FAIL
1256,LIVE
1257,LIVE
1258,FAIL
1259,LIVE
1260,LIVE
1261,FAIL
1262,LIVE
1263,LIVE
1264,FAIL
1265,LIVE
1266,LIVE
1267,FAIL
1268,LIVE
1269,LIVE
1270,FAIL
1271,LIVE
1272,LIVE
1273,FAIL
1274,LIVE
1275,LIVE
1276,FAIL
1277,LIVE
1278,LIVE
1279,FAIL
1280,LIVE
1281,LIVE
1282,FAIL
1283,LIVE
1284,LIVE
1285,FAIL
1286,FAIL
1287,LIVE
1288,FAIL
1289,LIVE
1290,FAIL
1291,FAIL
1292,LIVE
1293,LIVE
1294,FAIL
1295,LIVE
1296,LIVE
1297,FAIL
1298,LIVE
1299,FAIL
1300,FAIL
1301,LIVE
1302,FAIL
1303,FAIL
1304,LIVE
1305,LIVE
1306,FAIL
1307,LIVE
1308,LIVE
1309,FAIL
1310,LIVE
1311,LIVE
1312,FAIL
1313,LIVE
1314,LIVE
1315,FAIL
1316,LIVE
1317,LIVE
1318,FAIL
1319,LIVE
1320,LIVE
1321,FAIL
1322,LIVE
1323,LIVE
1324,FAIL
1325,LIVE
1326,LIVE
1327,FAIL
1328,LIVE
1329,FAIL
1330,FAIL
1331,LIVE
1332,FAIL
1333,FAIL
1334,LIVE
1335,LIVE
1336,FAIL
1337,LIVE
1338,LIVE
1339,FAIL
1340,LIVE
1341,LIVE
1342,FAIL
1343,LIVE
1344,LIVE
1345,FAIL
1346,LIVE
1347,LIVE
1348,FAIL
1349,LIVE
1350,LIVE
1351,FAIL
1352,LIVE
1353,LIVE
1354,FAIL
1355,LIVE
1356,LIVE
1357,FAIL
1358,LIVE
1359,LIVE
1360,FAIL
1361,LIVE
1362,LIVE
1363,FAIL
1364,FAIL
1365,FAIL
1366,FAIL
1367,FAIL
1368,FAIL
1369,FAIL
1370,FAIL
1371,FAIL
1372,FAIL
1373,FAIL
1374,LIVE
1375,FAIL
1376,FAIL
1377,FAIL
1378,LIVE
1379,FAIL
1380,LIVE
1381,FAIL
1382,LIVE
1383,FAIL
1384,FAIL
1385,FAIL
1386,LIVE
1387,FAIL
1388,LIVE
1389,FAIL
1390,LIVE
1391,FAIL
1392,FAIL
1393,LIVE
1394,LIVE
1395,FAIL
1396,FAIL
1397,LIVE
1398,FAIL
1399,FAIL
1400,LIVE
1401,FAIL
1402,LIVE
1403,FAIL
1404,FAIL
1405,LIVE
1406,FAIL
1407,FAIL
1408,FAIL
1409,FAIL
1410,FAIL
1411,FAIL
1412,FAIL
1413,FAIL
1414,FAIL
1415,FAIL
1416,FAIL
1417,FAIL
1418,FAIL
1419,FAIL
1420,FAIL
1421,FAIL
1422,FAIL
1423,FAIL
1424,FAIL
1425,FAIL
1426,FAIL
1427,FAIL
1428,FAIL
1429,LIVE
1430,FAIL
1431,FAIL
1432,LIVE
1433,LIVE
1434,FAIL
1435,FAIL
1436,FAIL
1437,FAIL
1438,FAIL
1439,FAIL
1440,FAIL
1441,LIVE
1442,FAIL
1443,FAIL
1444,FAIL
1445,LIVE
1446,LIVE
1447,FAIL
1448,FAIL
1449,FAIL
1450,FAIL
1451,FAIL
1452,FAIL
1453,FAIL
1454,FAIL
1455,LIVE
1456,FAIL
1457,FAIL
1458,LIVE
1459,FAIL
1460,FAIL
1461,FAIL
1462,LIVE
1463,FAIL
1464,LIVE
1465,LIVE
1466,FAIL
1467,LIVE
1468,FAIL
1469,FAIL
1470,LIVE
1471,LIVE
1472,FAIL
1473,LIVE
1474,FAIL
1475,FAIL
1476,FAIL
1477,FAIL
1478,FAIL
1479,FAIL
1480,FAIL
1481,LIVE
1482,LIVE
1483,LIVE
1484,LIVE
1485,FAIL
1486,FAIL
1487,LIVE
1488,FAIL
1489,FAIL
1490,LIVE
1491,LIVE
1492,LIVE
1493,FAIL
1494,FAIL
1495,FAIL
1496,LIVE
1497,LIVE
1498,FAIL
1499,LIVE
1500,FAIL
1504,LIVE
1505,FAIL
1506,LIVE
1507,LIVE
1508,LIVE
1509,FAIL
1516,FAIL
1517,FAIL
1518,LIVE
1519,FAIL
1520,FAIL
1521,LIVE
1522,FAIL
1523,FAIL
1524,FAIL
1525,LIVE
1526,FAIL
1527,FAIL
1528,FAIL
1529,FAIL
1530,FAIL
1531,FAIL
1532,FAIL
1533,FAIL
1534,LIVE
1535,FAIL
1536,FAIL
1537,FAIL
1538,FAIL
1539,FAIL
1540,LIVE
1541,FAIL
1542,FAIL
1543,FAIL
1544,FAIL
1545,FAIL
1546,FAIL
1547,FAIL
1548,FAIL
1549,LIVE
1550,FAIL
1551,FAIL
1552,FAIL
1553,LIVE
1554,FAIL
1555,FAIL
1556,FAIL
1557,FAIL
1558,FAIL
1559,FAIL
1560,LIVE
1561,LIVE
1562,FAIL
1563,LIVE
1564,FAIL
1565,FAIL
1566,FAIL
1567,FAIL
1568,FAIL
1569,FAIL
1570,LIVE
1571,FAIL
1572,FAIL
1573,FAIL
1574,FAIL
1575,LIVE
1576,FAIL
1577,LIVE
1578,FAIL
1579,FAIL
1580,FAIL
1581,FAIL
1582,FAIL
1583,FAIL
1584,FAIL
1585,FAIL
1586,FAIL
1587,FAIL
1588,FAIL
1589,FAIL
1590,FAIL
1591,LIVE
1592,FAIL
1593,FAIL
1594,LIVE
1595,FAIL
1596,FAIL
1597,FAIL
1598,LIVE
1599,FAIL
1600,FAIL
1601,FAIL
1602,FAIL
1603,FAIL
1604,FAIL
1605,FAIL
1606,FAIL
1607,FAIL
1608,FAIL
1609,FAIL
1610,FAIL
1611,FAIL
1612,FAIL
1613,FAIL
1614,FAIL
1615,FAIL
1616,FAIL
1617,FAIL
1618,FAIL
1619,FAIL
1620,FAIL
1621,FAIL
1622,FAIL
1623,FAIL
1624,FAIL
1625,FAIL
1626,FAIL
1627,FAIL
1628,FAIL
1629,FAIL
1630,FAIL
1631,FAIL
1632,FAIL
1633,FAIL
1634,FAIL
1635,FAIL
1636,FAIL
1637,FAIL
1638,FAIL
1639,FAIL
1640,FAIL
1641,FAIL
1642,FAIL
1643,FAIL
1644,FAIL
1645,FAIL
1646,FAIL
1647,FAIL
1648,FAIL
1649,FAIL
1650,FAIL
1651,FAIL
1652,FAIL
1653,FAIL
1654,FAIL
1655,FAIL
1656,FAIL
1657,FAIL
1658,FAIL
1659,FAIL
1660,FAIL
1661,FAIL
1662,FAIL
1663,LIVE
1664,FAIL
1665,LIVE
1666,LIVE
1667,FAIL
1668,LIVE
1669,LIVE
1670,FAIL
1671,LIVE
1672,LIVE
1673,LIVE
1674,FAIL
1675,LIVE
1676,LIVE
1677,FAIL
1678,FAIL
1679,FAIL
1680,FAIL
1681,FAIL
1682,FAIL
1683,FAIL
1684,LIVE
1685,LIVE
1686,FAIL
1687,LIVE
1688,LIVE
1689,FAIL
1690,LIVE
1691,FAIL
1692,FAIL
1693,FAIL
1694,FAIL
1695,FAIL
1696,FAIL
1697,FAIL
1698,FAIL
1699,FAIL
1700,FAIL
1701,FAIL
1702,FAIL
1703,FAIL
1704,LIVE
1705,LIVE
1706,FAIL
1707,FAIL
1708,FAIL
1709,FAIL
1710,FAIL
1711,FAIL
1712,FAIL
1713,FAIL
1714,LIVE
1715,LIVE
1716,LIVE
1717,FAIL
1718,LIVE
1719,FAIL
1720,FAIL
1721,LIVE
1722,FAIL
1723,LIVE
1724,LIVE
1725,FAIL
1726,FAIL
1727,FAIL
1728,LIVE
1729,FAIL
1730,LIVE
1731,LIVE
1732,FAIL
1733,FAIL
1734,FAIL
1735,FAIL
1736,FAIL
1737,LIVE
1738,FAIL
1739,LIVE
1740,LIVE
1741,FAIL
1742,FAIL
1743,LIVE
1744,FAIL
1745,FAIL
1746,LIVE
1747,FAIL
1748,FAIL
1749,FAIL
1750,FAIL
1751,LIVE
1752,FAIL
1753,LIVE
1754,LIVE
1755,FAIL
1756,FAIL
1757,FAIL
1758,LIVE
1759,LIVE
1760,FAIL
1761,LIVE
1762,FAIL
1763,FAIL
1764,FAIL
1765,FAIL
1766,FAIL
1767,LIVE
1768,FAIL
1769,FAIL
1770,FAIL
1771,FAIL
1772,FAIL
1773,LIVE
1774,LIVE
1775,FAIL
1776,LIVE
1777,LIVE
1778,FAIL
1779,LIVE
1780,LIVE
1781,FAIL
1782,FAIL
1783,FAIL
1784,FAIL
1785,LIVE
1786,LIVE
1787,FAIL
1788,LIVE
1789,FAIL
1790,FAIL
1791,FAIL
1792,FAIL
1793,LIVE
1794,FAIL
1795,FAIL
1796,FAIL
1797,LIVE
1798,FAIL
1799,FAIL
1800,LIVE
1801,LIVE
1802,FAIL
1803,LIVE
1804,LIVE
1805,FAIL
1806,LIVE
1807,LIVE
1808,FAIL
1809,LIVE
1810,LIVE
1811,FAIL
1812,LIVE
1813,LIVE
1814,FAIL
1815,LIVE
1816,LIVE
1817,FAIL
1818,LIVE
1819,LIVE
1820,FAIL
1821,LIVE
1822,LIVE
1823,FAIL
1824,LIVE
1825,LIVE
1826,FAIL
1827,LIVE
1828,LIVE
1829,FAIL
1830,LIVE
1831,LIVE
1832,FAIL
1833,LIVE
1834,LIVE
1835,FAIL
1836,LIVE
1837,LIVE
1838,FAIL
1839,LIVE
1840,LIVE
1841,FAIL
1842,LIVE
1843,FAIL
1844,FAIL
1845,LIVE
1846,FAIL
1847,LIVE
1851,FAIL
1852,LIVE
1853,LIVE
1854,LIVE
1855,LIVE
1856,FAIL
1857,LIVE
1858,FAIL
1859,FAIL
1860,LIVE
1861,FAIL
1862,LIVE
1866,FAIL
1867,LIVE
1868,LIVE
1869,LIVE
1870,LIVE
1871,FAIL
1872,LIVE
1873,FAIL
1874,FAIL
1875,LIVE
1876,FAIL
1877,LIVE
1881,FAIL
1882,LIVE
1883,LIVE
1884,LIVE
1885,LIVE
1886,FAIL
1887,LIVE
1888,FAIL
1889,FAIL
1890,LIVE
1891,FAIL
1892,LIVE
1896,FAIL
1897,LIVE
1898,LIVE
1899,LIVE
1900,LIVE
1901,FAIL
1902,LIVE
1903,FAIL
1904,FAIL
1905,LIVE
1906,FAIL
1907,LIVE
1911,FAIL
1912,LIVE
1913,LIVE
1914,LIVE
1915,LIVE
1916,FAIL
1917,LIVE
1918,FAIL
1919,FAIL
1920,LIVE
1921,FAIL
1922,LIVE
1926,FAIL
1927,LIVE
1928,LIVE
1929,LIVE
1930,LIVE
1931,FAIL
1932,LIVE
1933,FAIL
1934,FAIL
1935,FAIL
1936,LIVE
1937,LIVE
1938,LIVE
1939,LIVE
1940,FAIL
1941,LIVE
1942,FAIL
1943,FAIL
1944,FAIL
1945,LIVE
1946,LIVE
1947,LIVE
1948,LIVE
1949,FAIL
1950,LIVE
1951,FAIL
1952,FAIL
1953,FAIL
1954,LIVE
1955,LIVE
1956,LIVE
1957,LIVE
1958,FAIL
1959,LIVE
1960,FAIL
1961,FAIL
1962,FAIL
1963,LIVE
1964,LIVE
1965,LIVE
1966,LIVE
1967,FAIL
1968,LIVE
1969,FAIL
1970,FAIL
1971,LIVE
1972,FAIL
1973,LIVE
1977,FAIL
1978,LIVE
1979,LIVE
1980,LIVE
1981,LIVE
1982,FAIL
1983,LIVE
1984,FAIL
1985,FAIL
1986,LIVE
1987,FAIL
1988,LIVE
1992,FAIL
1993,LIVE
1994,LIVE
1995,LIVE
1996,LIVE
1997,FAIL
1998,LIVE
1999,FAIL
2000,FAIL
2001,LIVE
2002,FAIL
2003,LIVE
2007,FAIL
2008,LIVE
2009,LIVE
2010,LIVE
2011,LIVE
2012,FAIL
2013,LIVE
2014,FAIL
2015,FAIL
2016,LIVE
2017,FAIL
2018,LIVE
2022,FAIL
2023,LIVE
2024,LIVE
2025,LIVE
2026,LIVE
2027,FAIL
2028,LIVE
2029,FAIL
2030,FAIL
2031,FAIL
2032,LIVE
2033,FAIL
2034,LIVE
2035,LIVE
2036,FAIL
2037,LIVE
2038,FAIL
2039,FAIL
2040,FAIL
2041,LIVE
2042,FAIL
2043,LIVE
2044,LIVE
2045,FAIL
2046,LIVE
2047,FAIL
2048,FAIL
2049,FAIL
2050,LIVE
2051,FAIL
2052,LIVE
2053,LIVE
2054,FAIL
2055,LIVE
2056,FAIL
2057,FAIL
2058,FAIL
2059,LIVE
2060,FAIL
2061,LIVE
2062,LIVE
2063,FAIL
2064,LIVE
2065,FAIL
2066,FAIL
2067,FAIL
2068,LIVE
2069,FAIL
2070,LIVE
2071,LIVE
2072,FAIL
2073,LIVE
2074,FAIL
2075,FAIL
2076,FAIL
2077,LIVE
2078,FAIL
2079,LIVE
2080,LIVE
2081,FAIL
2082,LIVE
2083,FAIL
2084,FAIL
2085,FAIL
2086,LIVE
2087,FAIL
2088,LIVE
2089,LIVE
2090,FAIL
2091,LIVE
2092,FAIL
2093,FAIL
2094,FAIL
2095,FAIL
2096,FAIL
2097,FAIL
2098,LIVE
2099,FAIL
2100,LIVE
2101,LIVE
2102,FAIL
2103,LIVE
2104,FAIL
2105,FAIL
2106,FAIL
2107,FAIL
2108,FAIL
2109,FAIL
2110,LIVE
2111,FAIL
2112,LIVE
2113,LIVE
2114,FAIL
2115,LIVE
2116,FAIL
2117,FAIL
2118,FAIL
2119,FAIL
2120,FAIL
2121,FAIL
2122,LIVE
2123,FAIL
2124,LIVE
2125,LIVE
2126,FAIL
2127,LIVE
2128,FAIL
2129,FAIL
2130,FAIL
2131,FAIL
2132,FAIL
2133,FAIL
2134,LIVE
2135,FAIL
2136,LIVE
2137,LIVE
2138,FAIL
2139,LIVE
2140,FAIL
2141,FAIL
2142,FAIL
2143,LIVE
2144,FAIL
2145,FAIL
2146,LIVE
2147,FAIL
2148,LIVE
2149,LIVE
2150,FAIL
2151,LIVE
2152,FAIL
2153,FAIL
2154,FAIL
2155,LIVE
2156,FAIL
2157,FAIL
2158,LIVE
2159,FAIL
2160,LIVE
2161,LIVE
2162,FAIL
2166,LIVE
2167,FAIL
2168,FAIL
2169,FAIL
2170,LIVE
2171,FAIL
2172,FAIL
2173,LIVE
2174,FAIL
2175,LIVE
2176,LIVE
2177,FAIL
2178,LIVE
2179,FAIL
2180,FAIL
2181,FAIL
2182,LIVE
2183,FAIL
2184,FAIL
2185,LIVE
2186,LIVE
2187,FAIL
2188,FAIL
2189,LIVE
2190,LIVE
2191,LIVE
2192,FAIL
2193,FAIL
2194,LIVE
2195,LIVE
2196,LIVE
2197,FAIL
2198,LIVE
2199,FAIL
2200,FAIL
2201,FAIL
2202,FAIL
2203,LIVE
2204,LIVE
2205,FAIL
2206,FAIL
2207,LIVE
2208,FAIL
2209,LIVE
2210,FAIL
2211,FAIL
2212,FAIL
2213,FAIL
2214,FAIL
2215,FAIL
2216,FAIL
2217,FAIL
2218,FAIL
2219,LIVE
2220,FAIL
2221,FAIL
2222,FAIL
2223,FAIL
2224,FAIL
2225,LIVE
2226,FAIL
2227,FAIL
2228,FAIL
2229,FAIL
2230,FAIL
2231,LIVE
2232,FAIL
2233,FAIL
2234,LIVE
2235,FAIL
2236,FAIL
2237,FAIL
2238,FAIL
2239,FAIL
2240,LIVE
2241,FAIL
2242,FAIL
2243,FAIL
2244,FAIL
2245,FAIL
2246,LIVE
2247,FAIL
2248,FAIL
2249,FAIL
2250,FAIL
2251,FAIL
2252,LIVE
2253,FAIL
2254,FAIL
2255,FAIL
2256,LIVE
2257,FAIL
2258,FAIL
2259,LIVE
2260,FAIL
2261,FAIL
2262,FAIL
2263,FAIL
2264,FAIL
2265,FAIL
2266,FAIL
2267,LIVE
2268,FAIL
2269,FAIL
2270,FAIL
2271,FAIL
2272,LIVE
2273,FAIL
2274,FAIL
2275,FAIL
2276,LIVE
2277,LIVE
2278,FAIL
2279,FAIL
2280,FAIL
2281,FAIL
2282,FAIL
2283,LIVE
2284,FAIL
2285,FAIL
2286,FAIL
2287,FAIL
2288,FAIL
2289,FAIL
2290,LIVE
2291,LIVE
2292,LIVE
2293,LIVE
2294,FAIL
2295,FAIL
2296,FAIL
2297,FAIL
2298,FAIL
2299,FAIL
2300,FAIL
2301,FAIL
2302,FAIL
2303,FAIL
2304,FAIL
2305,FAIL
2306,FAIL
2307,FAIL
2308,FAIL
2309,FAIL
2310,FAIL
2311,FAIL
2312,LIVE
2313,FAIL
2314,LIVE
2315,FAIL
2316,FAIL
2317,FAIL
2318,FAIL
2319,LIVE
2320,FAIL
2321,LIVE
2322,FAIL
2323,FAIL
2324,FAIL
2325,LIVE
2326,FAIL
2327,FAIL
2328,LIVE
2329,LIVE
2330,FAIL
2331,FAIL
2332,FAIL
2333,FAIL
2334,FAIL
2335,FAIL
2336,FAIL
2337,FAIL
2338,FAIL
2339,LIVE
2340,FAIL
2341,LIVE
2342,LIVE
2343,FAIL
2344,LIVE
2345,LIVE
2346,FAIL
2347,FAIL
2348,LIVE
2349,FAIL
2350,LIVE
2351,LIVE
2352,FAIL
2353,LIVE
2354,FAIL
2355,FAIL
2356,FAIL
2357,FAIL
2358,LIVE
2359,LIVE
2360,FAIL
2361,FAIL
2362,FAIL
2363,FAIL
2364,LIVE
2365,LIVE
2366,FAIL
2367,FAIL
2368,FAIL
2369,FAIL
2370,LIVE
2371,LIVE
2372,LIVE
2373,FAIL
2374,LIVE
2375,FAIL
2376,FAIL
2377,LIVE
2378,FAIL
2379,FAIL
2380,FAIL
2381,FAIL
2382,FAIL
2383,FAIL
2384,FAIL
2385,FAIL
2386,LIVE
2387,FAIL
2388,LIVE
2389,LIVE
2390,FAIL
2391,FAIL
2392,LIVE
2393,FAIL
2394,LIVE
2395,LIVE
2396,FAIL
2397,FAIL
2398,FAIL
2399,LIVE
2400,LIVE
2401,FAIL
2402,LIVE
2403,LIVE
2404,FAIL
2405,FAIL
2406,FAIL
2407,FAIL
2408,LIVE
2409,FAIL
2410,FAIL
2411,LIVE
2412,FAIL
2413,FAIL
2414,FAIL
2415,FAIL
2416,FAIL
2417,LIVE
2418,LIVE
2419,LIVE
2420,FAIL
2421,FAIL
2422,LIVE
2423,LIVE
2424,FAIL
2425,FAIL
2426,FAIL
2427,FAIL
2428,LIVE
2429,FAIL
2430,FAIL
2431,LIVE
2432,FAIL
2433,FAIL
2434,FAIL
2435,FAIL
2436,FAIL
2437,LIVE
2438,LIVE
2439,LIVE
2440,FAIL
2441,LIVE
2442,LIVE
2443,LIVE
2444,FAIL
2445,LIVE
2446,FAIL
2447,FAIL
2448,LIVE
2449,FAIL
2450,FAIL
2451,LIVE
2452,FAIL
2453,FAIL
2454,FAIL
2455,FAIL
2456,FAIL
2457,LIVE
2458,LIVE
2459,LIVE
2460,FAIL
2461,FAIL
2462,LIVE
2463,LIVE
2464,FAIL
2465,FAIL
2466,FAIL
2467,FAIL
2468,LIVE
2469,FAIL
2470,FAIL
2471,LIVE
2472,FAIL
2473,FAIL
2474,FAIL
2475,FAIL
2476,FAIL
2477,LIVE
2478,LIVE
2479,LIVE
2480,FAIL
2481,FAIL
2482,LIVE
2483,LIVE
2484,FAIL
2485,FAIL
2486,FAIL
2487,FAIL
2488,LIVE
2489,FAIL
2490,FAIL
2491,LIVE
2492,FAIL
2493,FAIL
2494,FAIL
2495,FAIL
2496,FAIL
2497,LIVE
2498,LIVE
2499,LIVE
2500,FAIL
2501,FAIL
2502,LIVE
2503,LIVE
2504,FAIL
2505,FAIL
2506,FAIL
2507,FAIL
2508,LIVE
2509,FAIL
2510,FAIL
2511,LIVE
2512,FAIL
2513,FAIL
2514,FAIL
2515,FAIL
2516,LIVE
2517,LIVE
2518,FAIL
2519,FAIL
2520,LIVE
2521,FAIL
2522,FAIL
2523,LIVE
2524,FAIL
2525,FAIL
2526,FAIL
2527,FAIL
2528,FAIL
2529,FAIL
2530,FAIL
2531,LIVE
2532,LIVE
2533,LIVE
2534,FAIL
2535,FAIL
2536,FAIL
2537,LIVE
2538,FAIL
2539,FAIL
2540,FAIL
2541,FAIL
2542,LIVE
2543,FAIL
2544,LIVE
2545,LIVE
2546,FAIL
2547,FAIL
2548,LIVE
2549,FAIL
2550,FAIL
2551,FAIL
2552,FAIL
2553,LIVE
2554,FAIL
2555,LIVE
2556,LIVE
2557,FAIL
2558,FAIL
2559,FAIL
2560,FAIL
2561,LIVE
2562,LIVE
2563,FAIL
2564,FAIL
2565,LIVE
2566,LIVE
2567,FAIL
2568,FAIL
2569,FAIL
2570,FAIL
2571,FAIL
2572,FAIL
2573,FAIL
2574,LIVE
2575,FAIL
2576,FAIL
2577,FAIL
2578,FAIL
2579,FAIL
2580,LIVE
2581,LIVE
2582,LIVE
2583,FAIL
2584,LIVE
2585,LIVE
2586,FAIL
2587,FAIL
2588,FAIL
2589,FAIL
2590,FAIL
2591,FAIL
2592,FAIL
2593,LIVE
2594,FAIL
2595,FAIL
2596,FAIL
2597,FAIL
2598,FAIL
2599,LIVE
2600,LIVE
2601,FAIL
2602,FAIL
2603,FAIL
2604,FAIL
2605,FAIL
2606,LIVE
2607,FAIL
2608,FAIL
2609,FAIL
2610,FAIL
2611,FAIL
2612,FAIL
2613,LIVE
2614,LIVE
2615,FAIL
2616,FAIL
2617,FAIL
2618,FAIL
2619,FAIL
2620,FAIL
2621,LIVE
2622,LIVE
2623,FAIL
2624,FAIL
2625,FAIL
2626,LIVE
2627,FAIL
2628,LIVE
2629,LIVE
2630,LIVE
2631,FAIL
2632,FAIL
2633,FAIL
2634,FAIL
2635,LIVE
2636,FAIL
2637,LIVE
2638,LIVE
2639,LIVE
2640,FAIL
2641,FAIL
2642,FAIL
2643,FAIL
2644,FAIL
2645,LIVE
2646,FAIL
2647,FAIL
2648,FAIL
2649,FAIL
2650,FAIL
2651,FAIL
2652,FAIL
2653,LIVE
2654,FAIL
2655,FAIL
2656,FAIL
2657,FAIL
2658,FAIL
2659,FAIL
2660,FAIL
2661,LIVE
2662,FAIL
2663,LIVE
2664,FAIL
2665,LIVE
2666,FAIL
2667,FAIL
2668,FAIL
2669,FAIL
2670,FAIL
2671,LIVE
2672,FAIL
2673,FAIL
2674,LIVE
2675,LIVE
2676,FAIL
2677,LIVE
2678,FAIL
2679,LIVE
2680,LIVE
2681,FAIL
2682,FAIL
2683,LIVE
2684,FAIL
2685,LIVE
2686,LIVE
2687,LIVE
2688,FAIL
2689,FAIL
2690,FAIL
2691,FAIL
2692,LIVE
2693,LIVE
2694,FAIL
2695,FAIL
2696,FAIL
2697,FAIL
2698,LIVE
2699,LIVE
2700,FAIL
2701,LIVE
2702,LIVE
2703,FAIL
2704,FAIL
2705,LIVE
2706,FAIL
2707,LIVE
2708,FAIL
2709,FAIL
2710,LIVE
2711,LIVE
2712,FAIL
2713,FAIL
2714,LIVE
2715,LIVE
2716,FAIL
2717,FAIL
2718,LIVE
2719,FAIL
2720,LIVE
2721,FAIL
2722,FAIL
2723,FAIL
2724,LIVE
2725,FAIL
2726,FAIL
2727,LIVE
2728,LIVE
2729,FAIL
2730,FAIL
2731,FAIL
2732,LIVE
2733,FAIL
2734,FAIL
2735,FAIL
2736,FAIL
2737,LIVE
2738,LIVE
2739,LIVE
2740,FAIL
2741,FAIL
2742,FAIL
2743,LIVE
2744,FAIL
2745,LIVE
2746,FAIL
2747,FAIL
2748,FAIL
2749,LIVE
2750,FAIL
2751,FAIL
2752,LIVE
2753,FAIL
2754,LIVE
2755,FAIL
2756,FAIL
2757,FAIL
2758,LIVE
2759,FAIL
2760,LIVE
2761,FAIL
2762,FAIL
2763,LIVE
2764,LIVE
2765,FAIL
2766,FAIL
2767,FAIL
2768,FAIL
2769,FAIL
2770,FAIL
2771,FAIL
2772,FAIL
2773,FAIL
2774,FAIL
2775,FAIL
2776,LIVE
2777,FAIL
2778,LIVE
2779,LIVE
2780,FAIL
2781,LIVE
2782,LIVE
2783,FAIL
2784,FAIL
2785,FAIL
2786,FAIL
2787,FAIL
2788,LIVE
2789,LIVE
2790,FAIL
2791,LIVE
2792,LIVE
2793,FAIL
2794,FAIL
2795,FAIL
2796,LIVE
2797,LIVE
2798,FAIL
2799,LIVE
2800,FAIL
2801,LIVE
2802,LIVE
2803,FAIL
2804,LIVE
2805,FAIL
2806,LIVE
2807,FAIL
2808,FAIL
2809,FAIL
2810,FAIL
2811,FAIL
2812,FAIL
2813,LIVE
2814,FAIL
2815,FAIL
2816,LIVE
2817,LIVE
2818,FAIL
2819,LIVE
2820,LIVE
2821,FAIL
2822,LIVE
2823,FAIL
2824,FAIL
2825,LIVE
2826,LIVE
2827,FAIL
2828,FAIL
2829,FAIL
2830,LIVE
2831,FAIL
2832,FAIL
2833,FAIL
2834,FAIL
2835,FAIL
2836,FAIL
2837,LIVE
2838,LIVE
2839,FAIL
2840,FAIL
2841,FAIL
2842,FAIL
2843,LIVE
2844,LIVE
2845,FAIL
2846,FAIL
2847,LIVE
2848,FAIL
2849,LIVE
2850,LIVE
2851,FAIL
2852,LIVE
2853,FAIL
2854,FAIL
2855,FAIL
2856,LIVE
2857,FAIL
2858,FAIL
2859,LIVE
2860,LIVE
2861,FAIL
2862,LIVE
2863,FAIL
2864,FAIL
2865,LIVE
2866,LIVE
2867,FAIL
2868,FAIL
2869,FAIL
2870,FAIL
2871,LIVE
2872,FAIL
2873,FAIL
2874,FAIL
2875,LIVE
2876,FAIL
2877,FAIL
2878,LIVE
2879,LIVE
2880,LIVE
2881,FAIL
2882,LIVE
2883,LIVE
2884,FAIL
2885,LIVE
2886,LIVE
2887,LIVE
2888,LIVE
2889,LIVE
2890,FAIL
2891,LIVE
2892,LIVE
2893,LIVE
2894,FAIL
2895,FAIL
2896,LIVE
2897,FAIL
2898,FAIL
2899,LIVE
2900,FAIL
2901,FAIL
2902,LIVE
2903,FAIL
2904,FAIL
2905,FAIL
2906,LIVE
2907,FAIL
2908,LIVE
2909,FAIL
2910,FAIL
2911,FAIL
2912,FAIL
2913,LIVE
2914,FAIL
2915,LIVE
2916,FAIL
2917,LIVE
2918,LIVE
2919,FAIL
2920,FAIL
2921,FAIL
2922,FAIL
2923,FAIL
2924,FAIL
2925,FAIL
2926,LIVE
2927,FAIL
2928,FAIL
2929,LIVE
2930,FAIL
2931,LIVE
2932,LIVE
2933,FAIL
2934,FAIL
2935,LIVE
2936,FAIL
2937,FAIL
2938,LIVE
2939,LIVE
2940,FAIL
2941,LIVE
2942,LIVE
2943,FAIL
2944,FAIL
2945,FAIL
2946,LIVE
2947,FAIL
2948,FAIL
2949,LIVE
2950,FAIL
2951,FAIL
2952,LIVE
2953,FAIL
2954,LIVE
2955,FAIL
2956,FAIL
2957,FAIL
2958,FAIL
2959,LIVE
2960,FAIL
2961,FAIL
2962,LIVE
2963,FAIL
2964,FAIL
2965,FAIL
2966,FAIL
2967,LIVE
2968,LIVE
2969,FAIL
2970,LIVE
2971,FAIL
2972,FAIL
2973,FAIL
2974,LIVE
2975,FAIL
2976,FAIL
2977,LIVE
2978,FAIL
2979,FAIL
2980,FAIL
2981,FAIL
2982,FAIL
2983,LIVE
2984,FAIL
2985,FAIL
2986,LIVE
2987,FAIL
2988,LIVE
2989,LIVE
2990,FAIL
2991,LIVE
2992,LIVE
2993,FAIL
2994,FAIL
2995,LIVE
2996,FAIL
2997,LIVE
2998,LIVE
2999,LIVE
3000,FAIL
3001,LIVE
3002,FAIL
3003,FAIL
3004,LIVE
3005,FAIL
3006,FAIL
3007,LIVE
3008,FAIL
3009,FAIL
3010,LIVE
3011,FAIL
3012,FAIL
3013,LIVE
3014,FAIL
3015,FAIL
3016,LIVE
3017,FAIL
3018,FAIL
3019,LIVE
3020,FAIL
3021,FAIL
3022,LIVE
3023,FAIL
3024,FAIL
3025,FAIL
3026,FAIL
3027,FAIL
3028,LIVE
3029,LIVE
3030,LIVE
3031,LIVE
3032,FAIL
3033,FAIL
3034,FAIL
3035,FAIL
3036,LIVE
3037,FAIL
3038,FAIL
3039,LIVE
3040,FAIL
3041,FAIL
3042,LIVE
3043,FAIL
3044,FAIL
3045,FAIL
3046,FAIL
3047,FAIL
3048,FAIL
3049,FAIL
3050,FAIL
3051,FAIL
3052,FAIL
3053,FAIL
3054,LIVE
3055,FAIL
3056,FAIL
3057,FAIL
3058,FAIL
3059,FAIL
3060,FAIL
3061,FAIL
3062,FAIL
3063,FAIL
3064,FAIL
3065,LIVE
3066,FAIL
3067,LIVE
3068,FAIL
3069,FAIL
3070,LIVE
3071,FAIL
3072,LIVE
3073,LIVE
3074,LIVE
3075,FAIL
3076,LIVE
3077,LIVE
3078,FAIL
3079,FAIL
3080,FAIL
3081,LIVE
3082,FAIL
3083,FAIL
3084,LIVE
3085,FAIL
3086,FAIL
3087,FAIL
3088,LIVE
3089,FAIL
3090,LIVE
3091,FAIL
3092,FAIL
3093,LIVE
3094,LIVE
3095,FAIL
3096,FAIL
3097,LIVE
3098,FAIL
3099,LIVE
3100,FAIL
3101,FAIL
3102,LIVE
3103,LIVE
3104,LIVE
3105,FAIL
3106,LIVE
3107,FAIL
3108,LIVE
3109,FAIL
3110,LIVE
3111,FAIL
3112,FAIL
3113,LIVE
3114,LIVE
3115,FAIL
3116,LIVE
3117,LIVE
3118,FAIL
3119,FAIL
3120,FAIL
3121,FAIL
3122,FAIL
3123,FAIL
3124,LIVE
3125,FAIL
3126,FAIL
3127,FAIL
3128,FAIL
3129,FAIL
3130,FAIL
3131,FAIL
3132,FAIL
3133,FAIL
3134,FAIL
3135,FAIL
3136,FAIL
3137,FAIL
3138,FAIL
3139,FAIL
3140,FAIL
3141,FAIL
3142,FAIL
3143,FAIL
3144,FAIL
3145,FAIL
3146,FAIL
3147,FAIL
3148,FAIL
3149,LIVE
3150,LIVE
3151,FAIL
3152,LIVE
3153,LIVE
3154,LIVE
3155,FAIL
3156,FAIL
3157,LIVE
3158,LIVE
3159,FAIL
3160,FAIL
3161,FAIL
3162,LIVE
3163,FAIL
3164,FAIL
3165,FAIL
3166,FAIL
3167,FAIL
3168,LIVE
3169,LIVE
3170,LIVE
3171,FAIL
3172,LIVE
3173,LIVE
3174,FAIL
3175,LIVE
3176,LIVE
3177,FAIL
3178,LIVE
3179,LIVE
3180,FAIL
3181,FAIL
3182,FAIL
3183,FAIL
3184,FAIL
3185,FAIL
3186,FAIL
3187,LIVE
3188,FAIL
3189,FAIL
3190,LIVE
3191,FAIL
3192,FAIL
3193,FAIL
3194,FAIL
3195,FAIL
3196,FAIL
3197,FAIL
3198,LIVE
3199,FAIL
3200,LIVE
3201,FAIL
3202,FAIL
3203,FAIL
3204,FAIL
3205,FAIL
3206,FAIL
3207,FAIL
3208,FAIL
3209,FAIL
3210,FAIL
3211,LIVE
3212,FAIL
3213,FAIL
3214,LIVE
3215,FAIL
3216,FAIL
3217,LIVE
3218,FAIL
3219,FAIL
3220,FAIL
3221,LIVE
3222,FAIL
3223,FAIL
3224,LIVE
3225,FAIL
3226,FAIL
3227,FAIL
3228,LIVE
3229,FAIL
3230,FAIL
3231,LIVE
3232,FAIL
3233,FAIL
3234,LIVE
3235,FAIL
3236,FAIL
3237,LIVE
3238,FAIL
3239,LIVE
3240,FAIL
3241,FAIL
3242,FAIL
3243,FAIL
3244,FAIL
3245,FAIL
3246,FAIL
3247,FAIL
3248,FAIL
3249,LIVE
3250,LIVE
3251,FAIL
3252,FAIL
3253,LIVE
3254,FAIL
3255,FAIL
3256,FAIL
3257,FAIL
3258,FAIL
3259,FAIL
3260,FAIL
3261,FAIL
3262,LIVE
3263,FAIL
3264,FAIL
3265,FAIL
3266,FAIL
3267,FAIL
3268,LIVE
3269,FAIL
3270,FAIL
3271,FAIL
3272,FAIL
3273,FAIL
3274,LIVE
3275,LIVE
3276,FAIL
3277,LIVE
3278,LIVE
3279,LIVE
3280,FAIL
3281,LIVE
3282,LIVE
3283,LIVE
3284,FAIL
3285,LIVE
3286,FAIL
3287,FAIL
3288,FAIL
3289,FAIL
3290,LIVE
3291,FAIL
3292,FAIL
3293,FAIL
3294,LIVE
3295,FAIL
3296,FAIL
3297,FAIL
3298,LIVE
3299,LIVE
3300,FAIL
3301,LIVE
3302,FAIL
3303,FAIL
3304,FAIL
3305,FAIL
3306,FAIL
3307,FAIL
3308,FAIL
3309,FAIL
3310,FAIL
3311,FAIL
3312,FAIL
3313,FAIL
3314,FAIL
3315,FAIL
3316,FAIL
3317,FAIL
3318,LIVE
3319,FAIL
3320,FAIL
3321,LIVE
3322,FAIL
3323,FAIL
3324,LIVE
3325,FAIL
3326,FAIL
3327,FAIL
3328,FAIL
3329,FAIL
3330,LIVE
3331,LIVE
3332,FAIL
3333,LIVE
3334,LIVE
3335,FAIL
3336,LIVE
3337,FAIL
3338,FAIL
3339,LIVE
3340,FAIL
3341,FAIL
3342,LIVE
3343,FAIL
3344,FAIL
3345,FAIL
3346,FAIL
3347,FAIL
3348,FAIL
3349,LIVE
3350,FAIL
3351,LIVE
3352,FAIL
3353,LIVE
3354,FAIL
3355,FAIL
3356,LIVE
3357,FAIL
3358,LIVE
3359,FAIL
3360,FAIL
3361,LIVE
3362,FAIL
3363,FAIL
3364,FAIL
3365,FAIL
3366,FAIL
3367,LIVE
3368,LIVE
3369,FAIL
3370,LIVE
3371,LIVE
3372,FAIL
3373,FAIL
3374,FAIL
3375,FAIL
3376,LIVE
3377,FAIL
3378,FAIL
3379,FAIL
3380,FAIL
3381,FAIL
3382,LIVE
3383,LIVE
3384,FAIL
3385,FAIL
3386,LIVE
3387,FAIL
3388,FAIL
3389,FAIL
3390,LIVE
3391,FAIL
3392,FAIL
3393,LIVE
3394,FAIL
3395,FAIL
3396,LIVE
3397,FAIL
3398,FAIL
3399,LIVE
3400,FAIL
3401,FAIL
3402,FAIL
3403,LIVE
3404,FAIL
3405,FAIL
3406,LIVE
3407,FAIL
3408,FAIL
3409,FAIL
3410,FAIL
3411,FAIL
3412,FAIL
3413,LIVE
3414,FAIL
3415,LIVE
3416,FAIL
3417,LIVE
3418,FAIL
3419,FAIL
3420,LIVE
3421,LIVE
3422,FAIL
3423,FAIL
3424,FAIL
3425,LIVE
3426,FAIL
3427,FAIL
3428,FAIL
3429,LIVE
3430,FAIL
3431,LIVE
3432,FAIL
3433,LIVE
3434,FAIL
3435,FAIL
3436,LIVE
3437,FAIL
3438,FAIL
3439,FAIL
3440,LIVE
3441,FAIL
3442,FAIL
3443,FAIL
3444,LIVE
3445,LIVE
3446,FAIL
3447,FAIL
3448,FAIL
3449,FAIL
3450,FAIL
3451,FAIL
3452,LIVE
3453,FAIL
3454,FAIL
3455,LIVE
3456,FAIL
3457,FAIL
3458,FAIL
3459,LIVE
3460,FAIL
3461,LIVE
3462,FAIL
3463,FAIL
3464,FAIL
3465,LIVE
3466,FAIL
3467,FAIL
3468,LIVE
3469,FAIL
3470,FAIL
3471,LIVE
3472,FAIL
3473,FAIL
3474,LIVE
3475,FAIL
3476,FAIL
3477,FAIL
3478,LIVE
3479,FAIL
3480,LIVE
3481,FAIL
3482,FAIL
3483,FAIL
3484,FAIL
3485,LIVE
3486,FAIL
3487,LIVE
3488,FAIL
3489,FAIL
3490,FAIL
3491,FAIL
3492,LIVE
3493,FAIL
3494,FAIL
3495,LIVE
3496,FAIL
3497,FAIL
3498,LIVE
3499,FAIL
3500,LIVE
3501,FAIL
3502,FAIL
3503,FAIL
3504,LIVE
3505,FAIL
3506,FAIL
3507,FAIL
3508,LIVE
3509,FAIL
3510,FAIL
3511,LIVE
3512,FAIL
3513,FAIL
3514,LIVE
3515,FAIL
3516,FAIL
3517,FAIL
3518,LIVE
3519,LIVE
3520,FAIL
3521,FAIL
3522,FAIL
3523,FAIL
3524,LIVE
3525,LIVE
3526,FAIL
3527,LIVE
3528,FAIL
3529,FAIL
3530,LIVE
3531,FAIL
3532,FAIL
3533,LIVE
3534,LIVE
3535,FAIL
3536,FAIL
3537,FAIL
3538,FAIL
3539,FAIL
3540,LIVE
3541,FAIL
3542,FAIL
3543,LIVE
3544,FAIL
3545,LIVE
3546,FAIL
3547,LIVE
3548,FAIL
3549,FAIL
3550,LIVE
3551,FAIL
3552,FAIL
3553,LIVE
3554,FAIL
3555,FAIL
3556,FAIL
3557,FAIL
3558,FAIL
3559,FAIL
3560,FAIL
3561,FAIL
3562,FAIL
3563,LIVE
3564,FAIL
3565,LIVE
3566,LIVE
3567,FAIL
3568,FAIL
3569,FAIL
3570,FAIL
3571,FAIL
3572,FAIL
3573,LIVE
3574,FAIL
3575,LIVE
3576,FAIL
3577,FAIL
3578,FAIL
3579,FAIL
3580,FAIL
3581,FAIL
3582,FAIL
3583,LIVE
3584,LIVE
3585,LIVE
3586,FAIL
3587,FAIL
3588,FAIL
3589,FAIL
3590,FAIL
3591,FAIL
3592,FAIL
3593,FAIL
3594,FAIL
3595,FAIL
3596,FAIL
3597,FAIL
3598,LIVE
3599,FAIL
3600,FAIL
3601,FAIL
3602,FAIL
3603,FAIL
3604,FAIL
3605,LIVE
3606,FAIL
3607,FAIL
3608,FAIL
3609,FAIL
3610,FAIL
3611,LIVE
3612,LIVE
3613,FAIL
3614,LIVE
3615,FAIL
3616,FAIL
3617,FAIL
3618,LIVE
3619,FAIL
3620,FAIL
3621,FAIL
3622,FAIL
3623,FAIL
3624,FAIL
3625,FAIL
3626,FAIL
3627,FAIL
3628,LIVE
3629,LIVE
3630,FAIL
3631,FAIL
3632,LIVE
3633,FAIL
3634,FAIL
3635,LIVE
3636,FAIL
3637,FAIL
3638,FAIL
3639,LIVE
3640,LIVE
3641,LIVE
3642,FAIL
3643,LIVE
3644,FAIL
3645,FAIL
3646,LIVE
3647,FAIL
3648,FAIL
3649,LIVE
3650,LIVE
3651,LIVE
3652,FAIL
3653,LIVE
3654,FAIL
3655,FAIL
3656,LIVE
3657,FAIL
3658,FAIL
3659,LIVE
3660,LIVE
3661,LIVE
3662,FAIL
3663,LIVE
3664,FAIL
3665,FAIL
3666,LIVE
3667,FAIL
3668,FAIL
3669,LIVE
3670,LIVE
3671,LIVE
3672,FAIL
3673,LIVE
3674,FAIL
3675,FAIL
3676,LIVE
3677,FAIL
3678,FAIL
3679,LIVE
3680,LIVE
3681,LIVE
3682,FAIL
3683,LIVE
3684,FAIL
3685,FAIL
3686,LIVE
3687,FAIL
3688,FAIL
3689,LIVE
3690,LIVE
3691,LIVE
3692,FAIL
3693,LIVE
3694,FAIL
3695,FAIL
3696,LIVE
3697,FAIL
3698,FAIL
3699,LIVE
3700,LIVE
3701,LIVE
3702,FAIL
3703,LIVE
3704,FAIL
3705,FAIL
3706,LIVE
3707,FAIL
3708,FAIL
3709,FAIL
3710,LIVE
3711,FAIL
3712,LIVE
3713,FAIL
3714,FAIL
3715,LIVE
3716,FAIL
3717,FAIL
3718,LIVE
3719,FAIL
3720,FAIL
3721,FAIL
3722,FAIL
3723,LIVE
3724,LIVE
3725,FAIL
3726,LIVE
3727,FAIL
3728,LIVE
3729,FAIL
3730,FAIL
3731,LIVE
3732,FAIL
3733,FAIL
3734,FAIL
3735,LIVE
3736,LIVE
3737,LIVE
3738,FAIL
3739,LIVE
3740,LIVE
3741,FAIL
3742,FAIL
3743,LIVE
3744,FAIL
3745,FAIL
3746,FAIL
3747,FAIL
3748,FAIL
3749,FAIL
3750,LIVE
3751,FAIL
3752,FAIL
3753,LIVE
3754,LIVE
3755,FAIL
3756,LIVE
3757,LIVE
3758,LIVE
3759,LIVE
3760,LIVE
3761,LIVE
3762,FAIL
3763,LIVE
3764,FAIL
3765,FAIL
3766,FAIL
3767,FAIL
3768,FAIL
3769,FAIL
3770,FAIL
3771,LIVE
3772,FAIL
3773,LIVE
3774,FAIL
3775,LIVE
3776,FAIL
3777,LIVE
3778,FAIL
3779,FAIL
3780,FAIL
3781,LIVE
3782,LIVE
3783,FAIL
3784,LIVE
3785,FAIL
3786,FAIL
3787,FAIL
3788,FAIL
3789,LIVE
3790,FAIL
3791,FAIL
3792,LIVE
3793,FAIL
3794,FAIL
3795,FAIL
3796,LIVE
3797,LIVE
3798,LIVE
3799,FAIL
3800,FAIL
3801,LIVE
3802,FAIL
3803,LIVE
3804,LIVE
3805,FAIL
3806,LIVE
3807,LIVE
3808,LIVE
3809,FAIL
3810,LIVE
3811,FAIL
3812,LIVE
3813,FAIL
3814,FAIL
3815,LIVE
3816,FAIL
3817,FAIL
3818,LIVE
3819,FAIL
3820,LIVE
3821,FAIL
3822,FAIL
3823,LIVE
3824,FAIL
3825,FAIL
3826,FAIL
3827,LIVE
3828,FAIL
3829,LIVE
3830,FAIL
3831,FAIL
3832,FAIL
3833,FAIL
3834,LIVE
3835,FAIL
3836,FAIL
3837,FAIL
3838,FAIL
3839,FAIL
3840,LIVE
3841,FAIL
3842,FAIL
3843,FAIL
3844,FAIL
3845,FAIL
3846,LIVE
3847,FAIL
3848,FAIL
3849,LIVE
3850,FAIL
3851,FAIL
3852,LIVE
3853,FAIL
3854,FAIL
3855,LIVE
3856,FAIL
3857,FAIL
3858,LIVE
3859,FAIL
3860,LIVE
3861,FAIL
3862,FAIL
3863,LIVE
3864,FAIL
3865,FAIL
3866,LIVE
3867,FAIL
3868,FAIL
3869,LIVE
3870,FAIL
3871,FAIL
3872,FAIL
3873,FAIL
3874,FAIL
3875,FAIL
3876,LIVE
3877,FAIL
3878,FAIL
3879,FAIL
3880,LIVE
3881,FAIL
3882,LIVE
3883,LIVE
3884,FAIL
3885,LIVE
3886,FAIL
3887,FAIL
3888,FAIL
3889,LIVE
3890,LIVE
3891,FAIL
3892,LIVE
3893,FAIL
3894,LIVE
3895,LIVE
3896,FAIL
3897,LIVE
3898,LIVE
3899,FAIL
3900,LIVE
3901,LIVE
3902,LIVE
3903,LIVE
3904,FAIL
3905,FAIL
3906,FAIL
3907,LIVE
3908,FAIL
3909,FAIL
3910,FAIL
3911,FAIL
3912,FAIL
3913,FAIL
3914,FAIL
3915,FAIL
3916,LIVE
3917,FAIL
3918,FAIL
3919,FAIL
3920,LIVE
3921,LIVE
3922,FAIL
3923,LIVE
3924,LIVE
3925,FAIL
3926,LIVE
3927,FAIL
3928,LIVE
3929,LIVE
3930,LIVE
3931,FAIL
3932,FAIL
3933,FAIL
3934,LIVE
3935,FAIL
3936,LIVE
3937,LIVE
3938,LIVE
3939,FAIL
3940,FAIL
3941,FAIL
3942,LIVE
3943,FAIL
3944,FAIL
3945,FAIL
3946,LIVE
3947,LIVE
3948,FAIL
3949,LIVE
3950,LIVE
3951,FAIL
3952,LIVE
3953,FAIL
3954,LIVE
3955,LIVE
3956,LIVE
3957,FAIL
3958,FAIL
3959,FAIL
3960,LIVE
3961,FAIL
3962,LIVE
3963,LIVE
3964,LIVE
3965,FAIL
3966,FAIL
3967,FAIL
3968,FAIL
3969,LIVE
3970,LIVE
3971,FAIL
3972,LIVE
3973,LIVE
3974,FAIL
3975,FAIL
3976,LIVE
3977,LIVE
3978,FAIL
3979,LIVE
3980,LIVE
3981,FAIL
3982,FAIL
3983,FAIL
3984,FAIL
3985,FAIL
3986,FAIL
3987,LIVE
3988,FAIL
3989,FAIL
3990,LIVE
3991,FAIL
3992,LIVE
3993,FAIL
3994,FAIL
3995,FAIL
3996,LIVE
3997,FAIL
3998,FAIL
3999,LIVE
4000,FAIL
4001,FAIL
4002,LIVE
4003,FAIL
4004,FAIL
4005,FAIL
4006,FAIL
4007,FAIL
4008,FAIL
4009,LIVE
4010,FAIL
4011,FAIL
4012,FAIL
4013,FAIL
4014,FAIL
4015,FAIL
4016,LIVE
4017,FAIL
4018,FAIL
4019,LIVE
4020,FAIL
4021,FAIL
4022,LIVE
4023,FAIL
4024,FAIL
4025,FAIL
4026,FAIL
4027,FAIL
4028,FAIL
4029,LIVE
4030,FAIL
4031,FAIL
4032,FAIL
4033,FAIL
4034,FAIL
4035,FAIL
4036,LIVE
4037,FAIL
4038,FAIL
4039,LIVE
4040,FAIL
4041,FAIL
4042,FAIL
4043,FAIL
4044,FAIL
4045,FAIL
4046,LIVE
4047,FAIL
4048,FAIL
4049,LIVE
4050,FAIL
4051,FAIL
4052,FAIL
4053,FAIL
4054,FAIL
4055,FAIL
4056,LIVE
4057,FAIL
4058,FAIL
4059,FAIL
4060,FAIL
4061,FAIL
4062,FAIL
4063,LIVE
4064,FAIL
4065,FAIL
4066,LIVE
4067,FAIL
4068,FAIL
4069,FAIL
4070,FAIL
4071,FAIL
4072,LIVE
4073,LIVE
4074,FAIL
4075,FAIL
4076,FAIL
4077,FAIL
4078,FAIL
4079,LIVE
4080,LIVE
4081,FAIL
4082,FAIL
4083,FAIL
4084,FAIL
4085,FAIL
4086,FAIL
4087,FAIL
4088,FAIL
4089,LIVE
4090,FAIL
4091,FAIL
4092,FAIL
4093,FAIL
4094,FAIL
4095,FAIL
4096,FAIL
4097,FAIL
4098,LIVE
4099,LIVE
4100,FAIL
4101,LIVE
4102,LIVE
4103,FAIL
4104,FAIL
4105,FAIL
4106,FAIL
4107,LIVE
4108,LIVE
4109,LIVE
4110,LIVE
4111,FAIL
4112,LIVE
4113,FAIL
4114,FAIL
4115,FAIL
4116,FAIL
4117,FAIL
4118,LIVE
4119,FAIL
4120,LIVE
4121,FAIL
4122,FAIL
4123,FAIL
4124,FAIL
4125,FAIL
4126,LIVE
4127,FAIL
4128,FAIL
4129,LIVE
4130,FAIL
4131,FAIL
4132,LIVE
4133,FAIL
4134,FAIL
4135,LIVE
4136,LIVE
4137,FAIL
4138,LIVE
4139,LIVE
4140,FAIL
4141,FAIL
4142,LIVE
4143,LIVE
4144,FAIL
4145,LIVE
4146,FAIL
4147,FAIL
4148,FAIL
4149,LIVE
4150,FAIL
4151,FAIL
4152,LIVE
4153,FAIL
4154,FAIL
4155,LIVE
4156,FAIL
4157,FAIL
4158,LIVE
4159,FAIL
4160,FAIL
4161,FAIL
4162,FAIL
4163,FAIL
4164,FAIL
4165,LIVE
4166,FAIL
4167,LIVE
4168,FAIL
4169,FAIL
4170,LIVE
4171,FAIL
4172,FAIL
4173,FAIL
4174,LIVE
4175,FAIL
4176,FAIL
4177,LIVE
4178,FAIL
4179,FAIL
4180,FAIL
4181,LIVE
4182,FAIL
4183,FAIL
4184,FAIL
4185,FAIL
4186,LIVE
4187,FAIL
4188,LIVE
4189,LIVE
4190,FAIL
4191,LIVE
4192,LIVE
4193,LIVE
4194,LIVE
4195,LIVE
4196,LIVE
4197,FAIL
4198,FAIL
4199,FAIL
4200,FAIL
4201,FAIL
4202,FAIL
4203,FAIL
4204,FAIL
4205,FAIL
4206,FAIL
4207,FAIL
4208,FAIL
4209,FAIL
4210,FAIL
4211,FAIL
4212,LIVE
4213,FAIL
4214,LIVE
4215,FAIL
4216,LIVE
4217,LIVE
4218,LIVE
4219,FAIL
4220,FAIL
4221,FAIL
4222,FAIL
4223,FAIL
4224,LIVE
4225,LIVE
4226,LIVE
4227,LIVE
4228,FAIL
4229,LIVE
4230,FAIL
4231,FAIL
4232,FAIL
4233,FAIL
4234,FAIL
4235,LIVE
4236,LIVE
4237,FAIL
4238,LIVE
4239,FAIL
4240,FAIL
4241,FAIL
4242,FAIL
4243,FAIL
4244,FAIL
4245,FAIL
4246,FAIL
4247,FAIL
4248,FAIL
4249,FAIL
4250,FAIL
4251,FAIL
4252,FAIL
4253,LIVE
4254,LIVE
4255,FAIL
4256,FAIL
4257,FAIL
4258,FAIL
4259,FAIL
4260,LIVE
4261,LIVE
4262,FAIL
4263,LIVE
4264,FAIL
4265,LIVE
4266,LIVE
4267,FAIL
4268,LIVE
4269,FAIL
4270,LIVE
4271,LIVE
4272,FAIL
4273,FAIL
4274,LIVE
4275,FAIL
4276,FAIL
4277,LIVE
4278,LIVE
4279,FAIL
4280,FAIL
4281,FAIL
4282,FAIL
4283,FAIL
4284,FAIL
4285,FAIL
4286,FAIL
4287,FAIL
4288,FAIL
4289,FAIL
4290,FAIL
4291,FAIL
4292,FAIL
4293,FAIL
4294,LIVE
4295,FAIL
4296,FAIL
4297,FAIL
4298,FAIL
4299,FAIL
4300,LIVE
4301,FAIL
4302,FAIL
4303,FAIL
4304,LIVE
4305,FAIL
4306,FAIL
4307,FAIL
4308,FAIL
4309,FAIL
4310,FAIL
4311,FAIL
4312,LIVE
4313,FAIL
4314,FAIL
4315,FAIL
4316,FAIL
4317,FAIL
4318,LIVE
4319,FAIL
4320,FAIL
4321,FAIL
4322,FAIL
4323,FAIL
4324,LIVE
4325,FAIL
4326,FAIL
4333,FAIL
4334,FAIL
4335,FAIL
4336,FAIL
4337,FAIL
4338,FAIL
4339,FAIL
4340,LIVE
4341,LIVE
4342,FAIL
4343,FAIL
4344,FAIL
4345,FAIL
4346,LIVE
4347,LIVE
4348,FAIL
4349,FAIL
4350,FAIL
4351,LIVE
4352,LIVE
4353,FAIL
4354,FAIL
4355,FAIL
4356,FAIL
4357,LIVE
4358,LIVE
4359,FAIL
4360,FAIL
4361,FAIL
4362,FAIL
4363,FAIL
4364,FAIL
4365,FAIL
4366,LIVE
4367,FAIL
4368,FAIL
4369,FAIL
4370,FAIL
4371,FAIL
4372,FAIL
4373,LIVE
4374,FAIL
4375,FAIL
4376,FAIL
4377,LIVE
4378,LIVE
4379,FAIL
4380,FAIL
4381,LIVE
4382,LIVE
4383,FAIL
4384,FAIL
4385,LIVE
4386,LIVE
4387,FAIL
4388,LIVE
4389,LIVE
4390,FAIL
4391,LIVE
4392,LIVE
4393,FAIL
4394,FAIL
4395,FAIL
4396,FAIL
4397,FAIL
4398,FAIL
4399,FAIL
4400,FAIL
4401,LIVE
4402,LIVE
4403,FAIL
4404,FAIL
4405,FAIL
4406,FAIL
4407,LIVE
4408,FAIL
4409,FAIL
4410,LIVE
4411,LIVE
4412,FAIL
4413,FAIL
4414,FAIL
4415,FAIL
4416,LIVE
4417,FAIL
4418,FAIL
4419,LIVE
4420,LIVE
4421,FAIL
4422,FAIL
4423,FAIL
4424,FAIL
4425,LIVE
4426,FAIL
4427,FAIL
4428,LIVE
4429,LIVE
4430,FAIL
4431,FAIL
4432,FAIL
4433,FAIL
4434,LIVE
4435,FAIL
4436,FAIL
4437,LIVE
4438,LIVE
4439,FAIL
4440,FAIL
4441,FAIL
4442,FAIL
4443,LIVE
4444,FAIL
4445,FAIL
4446,LIVE
4447,LIVE
4448,FAIL
4449,LIVE
4450,LIVE
4451,FAIL
4452,LIVE
4453,LIVE
4454,FAIL
4455,FAIL
4456,FAIL
4457,FAIL
4458,FAIL
4459,FAIL
4460,FAIL
4461,LIVE
4462,LIVE
4463,FAIL
4464,FAIL
4465,FAIL
4466,FAIL
4467,FAIL
4468,FAIL
4469,FAIL
4470,FAIL
4471,LIVE
4472,FAIL
4473,LIVE
4474,FAIL
4475,FAIL
4476,LIVE
4477,LIVE
4478,FAIL
4479,LIVE
4480,LIVE
4481,FAIL
4482,FAIL
4483,FAIL
4484,FAIL
4485,FAIL
4486,FAIL
4487,FAIL
4488,FAIL
4489,LIVE
4490,FAIL
4491,LIVE
4492,FAIL
4493,FAIL
4494,LIVE
4495,LIVE
4496,FAIL
4497,LIVE
4498,LIVE
4499,FAIL
4500,FAIL
4501,FAIL
4502,FAIL
4503,FAIL
4504,FAIL
4505,FAIL
4506,FAIL
4507,LIVE
4508,FAIL
4509,LIVE
4510,FAIL
4511,FAIL
4512,LIVE
4513,LIVE
4514,FAIL
4515,LIVE
4516,LIVE
4517,FAIL
4518,FAIL
4519,FAIL
4520,FAIL
4521,FAIL
4522,FAIL
4523,FAIL
4524,FAIL
4525,LIVE
4526,FAIL
4527,LIVE
4528,FAIL
4529,FAIL
4530,LIVE
4531,LIVE
4532,FAIL
4533,LIVE
4534,LIVE
4535,FAIL
4536,FAIL
4537,FAIL
4538,FAIL
4539,FAIL
4540,FAIL
4541,FAIL
4542,FAIL
4543,LIVE
4544,FAIL
4545,LIVE
4546,FAIL
4547,FAIL
4548,LIVE
4549,LIVE
4550,FAIL
4551,LIVE
4552,LIVE
4553,FAIL
4554,FAIL
4555,FAIL
4556,FAIL
4557,FAIL
4558,FAIL
4559,FAIL
4560,FAIL
4561,LIVE
4562,FAIL
4563,LIVE
4564,FAIL
4565,FAIL
4566,LIVE
4567,LIVE
4568,FAIL
4569,LIVE
4570,LIVE
4571,FAIL
4572,FAIL
4573,FAIL
4574,FAIL
4575,FAIL
4576,FAIL
4577,FAIL
4578,FAIL
4579,LIVE
4580,FAIL
4581,LIVE
4582,FAIL
4583,FAIL
4584,LIVE
4585,LIVE
4586,FAIL
4587,LIVE
4588,LIVE
4589,FAIL
4590,FAIL
4591,FAIL
4592,FAIL
4593,FAIL
4594,FAIL
4595,FAIL
4596,FAIL
4597,LIVE
4598,FAIL
4599,LIVE
4600,FAIL
4601,FAIL
4602,LIVE
4603,LIVE
4604,FAIL
4605,LIVE
4606,LIVE
4607,FAIL
4608,FAIL
4609,FAIL
4610,FAIL
4611,FAIL
4612,FAIL
4613,FAIL
4614,FAIL
4615,LIVE
4616,FAIL
4617,LIVE
4618,FAIL
4619,FAIL
4620,LIVE
4621,LIVE
4622,FAIL
4623,FAIL
4624,FAIL
4625,LIVE
4626,LIVE
4627,FAIL
4628,FAIL
4629,FAIL
4630,FAIL
4631,LIVE
4632,LIVE
4633,FAIL
4634,FAIL
4635,LIVE
4636,LIVE
4637,FAIL
4638,LIVE
4639,FAIL
4640,LIVE
4641,LIVE
4642,FAIL
4643,LIVE
4644,FAIL
4645,FAIL
4646,LIVE
4647,FAIL
4648,LIVE
4649,FAIL
4650,LIVE
4651,FAIL
4652,FAIL
4653,FAIL
4654,LIVE
4655,FAIL
4656,LIVE
4657,FAIL
4658,FAIL
4659,FAIL
4660,LIVE
4661,FAIL
4662,LIVE
4663,FAIL
4664,FAIL
4665,FAIL
4666,LIVE
4667,FAIL
4668,LIVE
4669,FAIL
4670,FAIL
4671,FAIL
4672,LIVE
4673,FAIL
4674,LIVE
4675,FAIL
4676,FAIL
4677,FAIL
4678,LIVE
4679,FAIL
4680,LIVE
4681,LIVE
4682,FAIL
4683,LIVE
4684,LIVE
4685,FAIL
4686,LIVE
4687,FAIL
4688,FAIL
4689,FAIL
4690,LIVE
4691,FAIL
4692,LIVE
4693,FAIL
4694,LIVE
4695,FAIL
4696,LIVE
4697,LIVE
4698,FAIL
4699,LIVE
4700,FAIL
4701,FAIL
4702,LIVE
4703,FAIL
4704,LIVE
4705,FAIL
4706,LIVE
4707,FAIL
4708,LIVE
4709,LIVE
4710,FAIL
4711,LIVE
4712,FAIL
4713,FAIL
4714,LIVE
4715,FAIL
4716,LIVE
4717,FAIL
4718,LIVE
4719,FAIL
4720,LIVE
4721,LIVE
4722,FAIL
4723,LIVE
4724,FAIL
4725,FAIL
4726,LIVE
4727,FAIL
4728,LIVE
4729,FAIL
4730,LIVE
4731,FAIL
4732,LIVE
4733,LIVE
4734,FAIL
4735,LIVE
4736,FAIL
4737,FAIL
4738,LIVE
4739,FAIL
4740,LIVE
4741,FAIL
4742,LIVE
4743,FAIL
4744,LIVE
4745,LIVE
4746,FAIL
4747,LIVE
4748,FAIL
4749,FAIL
4750,LIVE
4751,FAIL
4752,LIVE
4753,FAIL
4754,LIVE
4755,FAIL
4756,LIVE
4757,LIVE
4758,FAIL
4759,LIVE
4760,FAIL
4761,FAIL
4762,LIVE
4763,FAIL
4764,LIVE
4765,FAIL
4766,LIVE
4767,FAIL
4768,LIVE
4769,LIVE
4770,FAIL
4771,LIVE
4772,FAIL
4773,FAIL
4774,LIVE
4775,FAIL
4776,LIVE
4777,FAIL
4778,LIVE
4779,FAIL
4780,LIVE
4781,LIVE
4782,FAIL
4783,LIVE
4784,FAIL
4785,FAIL
4786,LIVE
4787,FAIL
4788,LIVE
4789,FAIL
4790,LIVE
4791,FAIL
4792,LIVE
4793,LIVE
4794,FAIL
4795,LIVE
4796,FAIL
4797,FAIL
4798,LIVE
4799,FAIL
4800,LIVE
4801,LIVE
4802,LIVE
4803,FAIL
4804,FAIL
4805,FAIL
4806,LIVE
4807,LIVE
4808,FAIL
4809,FAIL
4810,FAIL
4811,LIVE
4812,FAIL
4813,LIVE
4814,LIVE
4815,LIVE
4816,FAIL
4817,LIVE
4818,LIVE
4819,FAIL
4820,LIVE
4821,LIVE
4822,FAIL
4823,LIVE
4824,LIVE
4825,FAIL
4826,LIVE
4827,FAIL
4828,FAIL
4829,FAIL
4830,FAIL
4831,FAIL
4832,FAIL
4833,FAIL
4834,FAIL
4835,FAIL
4836,FAIL
4837,FAIL
4838,FAIL
4839,FAIL
4840,LIVE
4841,FAIL
4842,FAIL
4843,LIVE
4844,FAIL
4845,FAIL
4846,FAIL
4847,FAIL
4848,LIVE
4849,FAIL
4850,FAIL
4851,FAIL
4852,FAIL
4853,FAIL
4854,FAIL
4855,FAIL
4856,FAIL
4857,FAIL
4858,LIVE
4859,LIVE
4860,FAIL
4861,FAIL
4862,FAIL
4863,FAIL
4864,FAIL
4865,FAIL
4866,FAIL
4867,FAIL
4868,FAIL
4869,FAIL
4870,FAIL
4871,FAIL
4872,FAIL
4873,FAIL
4874,FAIL
4875,FAIL
4876,FAIL
4877,FAIL
4878,FAIL
4879,FAIL
4880,FAIL
4881,FAIL
4882,FAIL
4883,FAIL
4884,FAIL
4885,FAIL
4886,FAIL
4887,FAIL
4888,FAIL
4889,LIVE
4890,FAIL
4891,FAIL
4892,FAIL
4893,FAIL
4894,FAIL
4895,FAIL
4896,FAIL
4897,LIVE
4898,FAIL
4899,FAIL
4900,FAIL
4901,FAIL
4902,FAIL
4903,LIVE
4904,FAIL
4905,LIVE
4906,FAIL
4907,FAIL
4908,LIVE
4909,FAIL
4910,FAIL
4911,FAIL
4912,FAIL
4913,FAIL
4914,FAIL
4915,LIVE
4916,FAIL
4917,FAIL
4918,LIVE
4919,LIVE
4920,LIVE
4921,LIVE
4922,FAIL
4923,FAIL
4924,FAIL
4925,LIVE
4926,FAIL
4927,FAIL
4928,FAIL
4929,FAIL
4930,FAIL
4931,FAIL
4932,FAIL
4933,FAIL
4934,LIVE
4935,FAIL
4936,FAIL
4937,LIVE
4938,FAIL
4939,LIVE
4940,LIVE
4941,FAIL
4942,LIVE
4943,FAIL
4944,FAIL
4945,LIVE
4946,FAIL
4947,FAIL
4948,FAIL
4949,FAIL
4950,FAIL
4951,FAIL
4952,FAIL
4953,FAIL
4954,LIVE
4955,FAIL
4956,LIVE
4957,LIVE
4958,FAIL
4959,FAIL
4960,LIVE
4961,FAIL
4962,LIVE
4963,FAIL
4964,LIVE
4965,LIVE
4966,LIVE
4967,LIVE
4968,LIVE
4969,LIVE
4970,LIVE
4971,LIVE
4972,FAIL
4974,LIVE
4975,LIVE
4976,FAIL
4977,FAIL
4978,FAIL
4979,FAIL
4980,FAIL
4981,FAIL
4982,FAIL
4983,LIVE
4984,FAIL
4985,LIVE
4986,FAIL
4987,LIVE
4988,LIVE
4989,FAIL
4990,FAIL
4991,LIVE
4992,FAIL
4993,FAIL
4994,FAIL
4995,LIVE
4996,FAIL
4997,FAIL
4998,FAIL
4999,FAIL
5000,FAIL
5001,FAIL
5002,FAIL
5003,FAIL
5004,FAIL
5005,FAIL
5006,FAIL
5007,LIVE
5008,FAIL
5009,FAIL
5010,FAIL
5011,FAIL
5012,FAIL
5013,FAIL
5014,LIVE
5015,LIVE
5016,FAIL
5017,FAIL
5018,LIVE
5019,FAIL
5020,FAIL
5021,FAIL
5022,LIVE
5023,FAIL
5024,LIVE
5025,FAIL
5026,LIVE
5027,LIVE
5028,FAIL
5029,FAIL
5030,FAIL
5031,LIVE
5032,FAIL
5033,FAIL
5034,LIVE
5035,FAIL
5036,LIVE
5037,LIVE
5038,FAIL
5039,LIVE
5040,FAIL
5041,FAIL
5042,LIVE
5043,LIVE
5044,FAIL
5045,LIVE
5046,LIVE
5047,FAIL
5048,FAIL
5049,LIVE
5050,LIVE
5051,FAIL
5052,FAIL
5053,LIVE
5054,FAIL
5055,FAIL
5056,LIVE
5057,FAIL
5058,FAIL
5059,LIVE
5060,FAIL
5061,FAIL
5062,LIVE
5063,FAIL
5064,FAIL
5065,FAIL
5066,FAIL
5067,LIVE
5068,FAIL
5069,FAIL
5070,FAIL
5071,FAIL
5072,FAIL
5073,LIVE
5074,FAIL
5075,FAIL
5076,FAIL
5077,LIVE
5078,FAIL
5079,LIVE
5080,FAIL
5081,FAIL
5082,FAIL
5083,LIVE
5084,FAIL
5085,FAIL
5086,FAIL
5087,FAIL
5088,FAIL
5089,FAIL
5090,FAIL
5091,FAIL
5092,LIVE
5093,FAIL
5094,LIVE
5095,FAIL
5096,FAIL
5097,LIVE
5098,FAIL
5099,FAIL
5100,FAIL
5101,FAIL
5102,LIVE
5103,LIVE
5104,FAIL
5105,LIVE
5112,FAIL
5113,FAIL
5114,LIVE
5115,LIVE
5116,FAIL
5117,LIVE
5118,FAIL
5119,LIVE
5120,FAIL
5121,LIVE
5122,LIVE
5123,FAIL
5124,LIVE
5125,FAIL
5126,FAIL
5127,LIVE
5128,FAIL
5129,FAIL
5130,LIVE
5131,LIVE
5132,FAIL
5133,FAIL
5134,LIVE
5135,LIVE
5136,FAIL
5137,LIVE
5138,FAIL
5139,LIVE
5140,FAIL
5141,FAIL
5142,FAIL
5143,LIVE
5144,FAIL
5145,FAIL
5146,FAIL
5147,FAIL
5148,FAIL
5149,FAIL
5150,LIVE
5151,FAIL
5152,FAIL
5153,FAIL
5154,FAIL
5155,LIVE
5156,FAIL
5157,FAIL
5158,LIVE
5159,FAIL
5160,FAIL
5161,FAIL
5162,FAIL
5163,FAIL
5164,LIVE
5165,FAIL
5166,FAIL
5167,LIVE
5168,FAIL
5169,FAIL
5170,FAIL
5171,FAIL
5172,FAIL
5173,FAIL
5174,FAIL
5175,FAIL
5176,LIVE
5177,FAIL
5178,LIVE
5179,LIVE
5180,FAIL
5181,LIVE
5182,FAIL
5183,FAIL
5184,FAIL
5185,FAIL
5186,FAIL
5187,FAIL
5188,LIVE
5189,FAIL
5190,FAIL
5191,LIVE
5192,FAIL
5193,LIVE
5194,FAIL
5195,LIVE
5196,LIVE
5197,FAIL
5198,FAIL
5199,FAIL
5200,LIVE
5201,FAIL
5202,FAIL
5203,LIVE
5204,FAIL
5205,FAIL
5206,LIVE
5207,LIVE
5208,FAIL
5209,LIVE
5210,FAIL
5211,FAIL
5212,LIVE
5213,LIVE
5214,LIVE
5215,LIVE
5216,FAIL
5217,FAIL
5218,FAIL
5219,FAIL
5220,LIVE
5221,FAIL
5222,FAIL
5223,FAIL
5224,FAIL
5225,FAIL
5226,FAIL
5227,FAIL
5228,FAIL
5229,FAIL
5230,FAIL
5231,FAIL
5232,FAIL
5233,FAIL
5234,LIVE
5235,FAIL
5236,FAIL
5237,LIVE
5238,FAIL
5239,LIVE
5240,FAIL
5241,FAIL
5242,FAIL
5243,LIVE
5244,FAIL
5245,FAIL
5246,LIVE
5247,FAIL
5248,FAIL
5249,FAIL
5250,LIVE
5251,FAIL
5252,FAIL
5253,LIVE
5254,FAIL
5255,FAIL
5256,FAIL
5257,LIVE
5258,FAIL
5259,FAIL
5260,LIVE
5261,FAIL
5262,FAIL
5263,FAIL
5264,LIVE
5265,FAIL
5266,FAIL
5267,LIVE
5268,FAIL
5269,FAIL
5270,LIVE
5271,LIVE
5272,FAIL
5273,FAIL
5274,LIVE
5275,LIVE
5276,FAIL
5277,LIVE
5278,FAIL
5279,FAIL
5280,LIVE
5281,FAIL
5282,FAIL
5283,LIVE
5284,FAIL
5285,FAIL
5286,FAIL
5287,FAIL
5288,FAIL
5289,FAIL
5290,LIVE
5291,FAIL
5292,LIVE
5293,FAIL
5294,FAIL
5295,FAIL
5296,FAIL
5297,FAIL
5298,FAIL
5299,LIVE
5300,FAIL
5301,FAIL
5302,FAIL
5303,FAIL
5304,LIVE
5305,FAIL
5306,FAIL
5307,LIVE
5308,FAIL
5309,FAIL
5310,FAIL
5311,LIVE
5312,FAIL
5313,FAIL
5314,LIVE
5315,FAIL
5316,LIVE
5317,FAIL
5318,LIVE
5319,FAIL
5320,LIVE
5321,FAIL
5322,FAIL
5323,LIVE
5324,FAIL
5325,LIVE
5326,FAIL
5327,LIVE
5328,LIVE
5329,FAIL
5330,LIVE
5331,FAIL
5332,FAIL
5333,LIVE
5334,LIVE
5335,FAIL
5336,LIVE
5337,FAIL
5338,FAIL
5339,LIVE
5340,FAIL
5341,FAIL
5342,LIVE
5343,FAIL
5344,FAIL
5345,LIVE
5346,LIVE
5347,FAIL
5348,FAIL
5349,FAIL
5350,FAIL
5351,FAIL
5352,FAIL
5353,FAIL
5354,FAIL
5355,FAIL
5356,FAIL
5357,FAIL
5358,FAIL
5359,FAIL
5360,FAIL
5361,LIVE
5362,LIVE
5363,FAIL
5364,LIVE
5365,FAIL
5366,LIVE
5367,LIVE
5368,LIVE
5369,LIVE
5370,LIVE
5371,LIVE
5372,FAIL
5373,FAIL
5374,FAIL
5375,FAIL
5376,FAIL
5377,LIVE
5378,FAIL
5379,FAIL
5380,FAIL
5381,LIVE
5382,FAIL
5383,FAIL
5384,FAIL
5385,LIVE
5386,FAIL
5387,LIVE
5388,FAIL
5389,FAIL
5390,FAIL
5391,LIVE
5392,FAIL
5393,LIVE
5394,FAIL
5395,FAIL
5396,FAIL
5397,LIVE
5398,FAIL
5399,LIVE
5400,FAIL
5401,FAIL
5402,FAIL
5403,LIVE
5404,FAIL
5405,LIVE
5406,FAIL
5407,FAIL
5408,FAIL
5409,LIVE
5410,FAIL
5411,LIVE
5412,FAIL
5413,FAIL
5414,FAIL
5415,LIVE
5416,FAIL
5417,LIVE
5418,FAIL
5419,FAIL
5420,FAIL
5421,LIVE
5422,FAIL
5423,LIVE
5424,FAIL
5425,FAIL
5426,FAIL
5427,LIVE
5428,FAIL
5429,LIVE
5430,FAIL
5431,FAIL
5432,FAIL
5433,LIVE
5434,FAIL
5435,LIVE
5436,FAIL
5437,FAIL
5438,FAIL
5439,LIVE
5440,FAIL
5441,LIVE
5442,FAIL
5443,FAIL
5444,FAIL
5445,LIVE
5446,FAIL
5447,LIVE
5448,FAIL
5449,FAIL
5450,FAIL
5451,LIVE
5452,FAIL
5453,FAIL
5454,LIVE
5455,FAIL
5456,FAIL
5457,FAIL
5458,LIVE
5459,FAIL
5460,FAIL
5461,LIVE
5462,FAIL
5463,FAIL
5464,LIVE
5465,FAIL
5466,FAIL
5467,LIVE
5468,FAIL
5469,FAIL
5470,LIVE
5471,FAIL
5472,FAIL
5473,LIVE
5474,FAIL
5475,FAIL
5476,LIVE
5477,FAIL
5478,FAIL
5479,LIVE
5480,FAIL
5481,FAIL
5482,LIVE
5483,FAIL
5484,FAIL
5485,LIVE
5486,FAIL
5487,FAIL
5488,LIVE
5489,FAIL
5490,FAIL
5491,LIVE
5492,FAIL
5493,LIVE
5494,LIVE
5495,FAIL
5496,FAIL
5497,LIVE
5498,FAIL
5499,LIVE
5500,LIVE
5501,FAIL
5502,FAIL
5503,LIVE
5504,FAIL
5505,LIVE
5506,FAIL
5507,FAIL
5508,FAIL
5509,FAIL
5510,FAIL
5511,LIVE
5512,FAIL
5513,FAIL
5514,LIVE
5515,LIVE
5516,FAIL
5517,FAIL
5518,LIVE
5519,FAIL
5520,FAIL
5521,LIVE
5522,LIVE
5523,LIVE
5524,FAIL
5525,FAIL
5526,FAIL
5527,FAIL
5528,FAIL
5529,FAIL
5530,LIVE
5531,FAIL
5532,LIVE
5533,LIVE
5534,FAIL
5538,FAIL
5539,FAIL
5540,FAIL
5541,FAIL
5542,LIVE
5543,FAIL
5544,LIVE
5545,FAIL
5546,FAIL
5547,LIVE
5548,LIVE
5549,LIVE
5550,FAIL
5551,FAIL
5552,FAIL
5553,LIVE
5554,FAIL
5555,FAIL
5556,FAIL
5557,FAIL
5558,FAIL
5559,FAIL
5560,LIVE
5561,LIVE
5562,FAIL
5563,FAIL
5564,FAIL
5565,LIVE
5566,LIVE
5567,FAIL
5568,LIVE
5569,LIVE
5570,FAIL
5571,LIVE
5572,LIVE
5573,FAIL
5574,FAIL
5575,FAIL
5576,FAIL
5577,LIVE
5578,FAIL
5579,FAIL
5580,FAIL
5581,LIVE
5582,LIVE
5583,FAIL
5584,FAIL
5585,LIVE
5586,FAIL
5587,FAIL
5588,FAIL
5589,FAIL
5590,FAIL
5591,LIVE
5592,FAIL
5593,FAIL
5594,FAIL
5595,FAIL
5596,FAIL
5597,LIVE
5598,FAIL
5599,FAIL
5600,FAIL
5601,FAIL
5602,FAIL
5603,LIVE
5604,FAIL
5605,FAIL
5606,FAIL
5607,FAIL
5608,LIVE
5609,FAIL
5610,FAIL
5611,FAIL
5612,FAIL
5613,FAIL
5614,FAIL
5615,FAIL
5616,FAIL
5617,FAIL
5618,FAIL
5619,FAIL
5620,LIVE
5621,FAIL
5622,FAIL
5623,FAIL
5624,FAIL
5625,LIVE
5626,FAIL
5627,FAIL
5628,LIVE
5629,FAIL
5630,FAIL
5631,LIVE
5632,FAIL
5633,FAIL
5634,FAIL
5635,LIVE
5636,FAIL
5637,FAIL
5638,FAIL
5639,FAIL
5640,LIVE
5641,FAIL
5642,FAIL
5643,FAIL
5644,LIVE
5645,FAIL
5646,FAIL
5647,FAIL
5648,FAIL
5649,LIVE
5650,FAIL
5651,FAIL
5652,FAIL
5653,FAIL
5654,FAIL
5655,FAIL
5656,FAIL
5657,FAIL
5658,LIVE
5659,FAIL
5660,FAIL
5661,FAIL
5662,FAIL
5663,LIVE
5664,FAIL
5665,FAIL
5666,LIVE
5667,LIVE
5668,LIVE
5669,LIVE
5670,LIVE
5671,LIVE
5672,LIVE
5673,FAIL
5674,LIVE
5675,FAIL
5676,LIVE
5677,LIVE
5678,FAIL
5679,FAIL
5680,FAIL
5681,FAIL
5682,FAIL
5683,FAIL
5684,FAIL
5685,LIVE
5686,FAIL
5687,FAIL
5688,LIVE
5689,LIVE
5690,FAIL
5691,FAIL
5692,LIVE
5693,FAIL
5694,LIVE
5695,LIVE
5696,LIVE
5697,LIVE
5698,LIVE
5699,LIVE
5700,LIVE
5701,LIVE
5702,LIVE
5703,FAIL
5704,LIVE
5705,LIVE
5706,FAIL
5707,LIVE
5708,FAIL
5709,LIVE
5710,FAIL
5711,LIVE
5712,LIVE
5713,LIVE
5714,LIVE
5715,FAIL
5716,FAIL
5717,FAIL
5718,LIVE
5719,FAIL
5720,LIVE
5721,LIVE
5722,FAIL
5723,FAIL
5724,LIVE
5725,LIVE
5726,FAIL
5727,LIVE
5728,LIVE
5729,LIVE
5730,FAIL
5731,LIVE
5732,LIVE
5733,LIVE
5734,FAIL
5735,LIVE
5736,LIVE
5737,FAIL
5738,LIVE
5739,LIVE
5740,LIVE
5741,FAIL
5742,LIVE
5743,LIVE
5744,LIVE
5745,FAIL
5746,LIVE
5747,FAIL
5748,FAIL
5749,LIVE
5751,LIVE
5752,FAIL
5753,FAIL
5754,LIVE
5755,FAIL
5756,LIVE
5757,FAIL
5758,FAIL
5759,FAIL
5760,FAIL
5761,LIVE
5762,LIVE
5763,LIVE
5764,FAIL
5765,LIVE
5766,LIVE
5767,LIVE
5768,LIVE
5771,LIVE
5772,LIVE
5773,FAIL
5774,LIVE
5775,FAIL
5776,FAIL
5777,FAIL
5778,LIVE
5779,FAIL
5780,FAIL
5781,FAIL
5782,LIVE
5783,LIVE
5784,LIVE
5785,FAIL
5786,LIVE
5787,FAIL
5788,LIVE
5789,LIVE
5790,LIVE
5791,LIVE
5792,FAIL
5793,LIVE
5794,LIVE
5795,FAIL
5796,FAIL
5797,LIVE
5798,LIVE
5799,FAIL
5800,LIVE
5801,LIVE
5802,FAIL
5803,FAIL
5804,LIVE
5805,LIVE
5806,FAIL
5807,FAIL
5808,FAIL
5809,LIVE
5810,LIVE
5811,FAIL
5812,LIVE
5813,LIVE
5814,FAIL
5815,LIVE
5816,LIVE
5817,FAIL
5818,FAIL
5819,LIVE
5820,LIVE
5821,LIVE
5822,FAIL
5823,LIVE
5824,FAIL
5825,FAIL
5826,LIVE
5827,LIVE
5828,FAIL
5835,LIVE
5836,LIVE
5837,FAIL
5838,LIVE
5839,LIVE
5840,FAIL
5841,LIVE
5842,LIVE
5843,FAIL
5844,LIVE
5845,LIVE
5846,FAIL
5847,LIVE
5848,LIVE
5849,FAIL
5850,LIVE
5851,FAIL
5852,FAIL
5853,LIVE
5854,LIVE
5855,FAIL
5856,FAIL
5857,LIVE
5858,FAIL
5859,LIVE
5863,LIVE
5864,LIVE
5865,FAIL
5866,LIVE
5867,LIVE
5868,LIVE
5869,FAIL
5870,LIVE
5871,LIVE
5872,LIVE
5873,FAIL
5874,FAIL
5875,LIVE
5876,FAIL
5877,FAIL
5878,FAIL
5879,FAIL
5880,FAIL
5881,LIVE
5882,FAIL
5883,LIVE
5884,LIVE
5885,FAIL
5886,FAIL
5887,LIVE
5888,FAIL
5889,FAIL
5890,FAIL
5891,FAIL
5892,FAIL
5893,FAIL
5894,LIVE
5895,FAIL
5896,FAIL
5897,FAIL
5898,FAIL
5899,FAIL
5900,FAIL
5901,FAIL
5902,FAIL
5903,FAIL
5904,FAIL
5905,FAIL
5906,FAIL
5907,LIVE
5908,LIVE
5909,FAIL
5910,FAIL
5911,FAIL
5912,FAIL
5913,LIVE
5914,FAIL
5915,FAIL
5916,FAIL
5917,LIVE
5918,LIVE
5919,FAIL
5920,FAIL
5921,FAIL
5922,FAIL
5923,FAIL
5924,LIVE
5925,FAIL
5926,FAIL
5927,FAIL
5928,LIVE
5929,LIVE
5930,FAIL
5931,LIVE
5932,FAIL
5933,FAIL
5934,LIVE
5935,FAIL
5936,FAIL
5937,FAIL
5938,FAIL
5939,FAIL
5940,LIVE
5941,LIVE
5942,FAIL
5943,FAIL
5944,LIVE
5945,FAIL
5946,LIVE
5947,FAIL
5948,FAIL
5949,LIVE
5950,FAIL
5951,FAIL
5952,FAIL
5953,FAIL
5954,FAIL
5955,FAIL
5956,FAIL
5957,FAIL
5958,FAIL
5959,FAIL
5960,FAIL
5961,FAIL
5962,FAIL
5963,FAIL
5964,FAIL
5965,LIVE
5966,FAIL
5967,FAIL
5968,LIVE
5969,FAIL
5970,LIVE
5971,FAIL
5972,FAIL
5973,FAIL
5974,LIVE
5975,FAIL
5976,FAIL
5977,LIVE
5978,FAIL
5979,FAIL
5980,FAIL
5981,FAIL
5982,LIVE
5983,LIVE
5984,FAIL
5985,FAIL
5986,FAIL
5987,FAIL
5988,FAIL
5989,LIVE
5990,FAIL
5991,FAIL
5992,FAIL
5993,LIVE
5994,LIVE
5995,FAIL
5996,FAIL
5997,LIVE
5998,FAIL
5999,FAIL
6000,FAIL
6001,LIVE
6002,FAIL
6003,FAIL
6004,LIVE
6005,FAIL
6006,FAIL
6007,FAIL
6008,FAIL
6009,FAIL
6010,FAIL
6011,FAIL
6012,FAIL
6013,FAIL
6014,LIVE
6015,FAIL
6016,FAIL
6017,FAIL
6018,FAIL
6019,FAIL
6020,FAIL
6021,LIVE
6022,FAIL
6023,FAIL
6024,FAIL
6025,FAIL
6026,FAIL
6027,FAIL
6028,FAIL
6029,FAIL
6030,LIVE
6031,FAIL
6032,FAIL
6033,LIVE
6034,FAIL
6035,FAIL
6036,LIVE
6037,FAIL
6038,FAIL
6039,LIVE
6040,FAIL
6041,LIVE
6042,LIVE
6043,LIVE
6044,FAIL
6045,FAIL
6046,LIVE
6047,FAIL
6048,FAIL
6049,LIVE
6050,FAIL
6051,FAIL
6052,FAIL
6053,FAIL
6054,FAIL
6055,FAIL
6056,FAIL
6057,FAIL
6058,FAIL
6059,FAIL
6060,FAIL
6061,FAIL
6062,FAIL
6063,FAIL
6064,FAIL
6065,FAIL
6066,FAIL
6067,LIVE
6068,FAIL
6069,FAIL
6070,LIVE
6071,LIVE
6072,LIVE
6073,FAIL
6074,FAIL
6075,FAIL
6076,FAIL
6077,LIVE
6078,LIVE
6079,FAIL
6080,FAIL
6081,LIVE
6082,FAIL
6083,FAIL
6084,LIVE
6085,FAIL
6086,FAIL
6087,LIVE
6088,LIVE
6089,LIVE
6090,LIVE
6091,FAIL
6092,FAIL
6093,FAIL
6094,FAIL
6095,FAIL
6096,FAIL
6097,FAIL
6098,FAIL
6099,FAIL
6100,FAIL
6101,FAIL
6102,FAIL
6103,LIVE
6104,FAIL
6105,LIVE
6106,FAIL
6107,FAIL
6108,LIVE
6109,LIVE
6110,LIVE
6111,FAIL
6112,LIVE
6113,FAIL
6114,LIVE
6115,FAIL
6116,FAIL
6117,FAIL
6118,FAIL
6119,FAIL
6120,LIVE
6121,FAIL
6122,LIVE
6123,FAIL
6124,FAIL
6125,LIVE
6126,FAIL
6127,FAIL
6128,FAIL
6129,FAIL
6130,FAIL
6131,LIVE
6132,LIVE
6133,FAIL
6134,LIVE
6135,FAIL
6136,FAIL
6137,FAIL
6138,LIVE
6139,FAIL
6140,LIVE
6141,LIVE
6142,FAIL
6143,FAIL
6144,LIVE
6145,FAIL
6146,LIVE
6147,LIVE
6148,FAIL
6149,LIVE
6150,FAIL
6151,FAIL
6152,FAIL
6153,FAIL
6154,FAIL
6155,FAIL
6156,FAIL
6157,FAIL
6158,LIVE
6159,FAIL
6160,FAIL
6161,FAIL
6162,FAIL
6163,FAIL
6164,FAIL
6165,FAIL
6166,FAIL
6167,FAIL
6168,LIVE
6169,LIVE
6170,LIVE
6171,FAIL
6172,LIVE
6173,LIVE
6174,FAIL
6175,FAIL
6176,FAIL
6177,FAIL
6178,LIVE
6179,FAIL
6180,LIVE
6181,FAIL
6182,FAIL
6183,FAIL
6184,LIVE
6185,LIVE
6186,LIVE
6187,LIVE
6188,FAIL
6189,FAIL
6190,FAIL
6191,LIVE
6192,FAIL
6193,FAIL
6194,LIVE
6195,FAIL
6196,LIVE
6197,FAIL
6198,FAIL
6199,LIVE
6200,FAIL
6201,FAIL
6202,LIVE
6203,FAIL
6204,FAIL
6205,LIVE
6206,FAIL
6207,LIVE
6208,FAIL
6209,LIVE
6210,FAIL
6211,FAIL
6212,FAIL
6213,LIVE
6214,FAIL
6215,FAIL
6216,FAIL
6217,FAIL
6218,FAIL
6219,LIVE
6220,LIVE
6221,FAIL
6222,FAIL
6223,FAIL
6224,FAIL
6225,FAIL
6226,LIVE
6227,FAIL
6228,FAIL
6229,FAIL
6230,FAIL
6231,FAIL
6232,LIVE
6233,FAIL
6234,LIVE
6235,FAIL
6236,FAIL
6237,LIVE
6238,FAIL
6239,LIVE
6240,FAIL
6241,FAIL
6242,FAIL
6243,LIVE
6244,FAIL
6245,FAIL
6246,FAIL
6247,FAIL
6248,FAIL
6249,LIVE
6251,FAIL
6252,FAIL
6253,FAIL
6254,LIVE
6255,LIVE
6256,FAIL
6257,LIVE
6258,LIVE
6259,LIVE
6260,FAIL
6261,FAIL
6262,FAIL
6263,FAIL
6264,LIVE
6265,LIVE
6266,LIVE
6267,LIVE
6268,FAIL
6269,FAIL
6270,FAIL
6271,LIVE
6272,FAIL
6273,FAIL
6274,FAIL
6275,FAIL
6276,FAIL
6277,FAIL
6278,FAIL
6279,FAIL
6280,LIVE
6281,LIVE
6282,LIVE
6283,FAIL
6284,LIVE
6285,FAIL
6286,FAIL
6287,FAIL
6288,LIVE
6289,FAIL
6296,FAIL
6297,FAIL
6298,FAIL
6299,LIVE
6300,FAIL
6301,LIVE
6302,FAIL
6303,FAIL
6304,LIVE
6305,LIVE
6306,LIVE
6307,LIVE
6308,LIVE
6309,FAIL
6310,FAIL
6311,FAIL
6312,LIVE
6313,FAIL
6314,FAIL
6315,LIVE
6316,FAIL
6317,FAIL
6318,FAIL
6319,LIVE
6320,FAIL
6321,FAIL
6322,LIVE
6323,FAIL
6324,LIVE
6325,LIVE
6326,FAIL
6327,LIVE
6328,LIVE
6329,FAIL
6330,FAIL
6331,LIVE
6332,FAIL
6333,FAIL
6334,FAIL
6335,LIVE
6336,FAIL
6337,FAIL
6338,FAIL
6339,FAIL
6340,FAIL
6341,FAIL
6342,FAIL
6343,LIVE
6344,FAIL
6345,FAIL
6346,FAIL
6347,FAIL
6348,LIVE
6349,LIVE
6350,FAIL
6351,LIVE
6352,FAIL
6353,LIVE
6354,FAIL
6355,FAIL
6356,LIVE
6357,FAIL
6358,FAIL
6359,LIVE
6360,LIVE
6361,LIVE
6362,LIVE
6363,LIVE
6364,LIVE
6365,LIVE
6366,FAIL
6367,LIVE
6368,LIVE
6369,FAIL
6370,FAIL
6371,LIVE
6372,FAIL
6373,LIVE
6374,LIVE
6375,FAIL
6376,LIVE
6377,FAIL
6378,LIVE
6379,LIVE
6380,FAIL
6381,LIVE
6382,FAIL
6383,LIVE
6384,LIVE
6385,LIVE
6386,LIVE
6387,FAIL
6388,LIVE
6389,LIVE
6390,FAIL
6391,LIVE
6392,LIVE
6393,FAIL
6394,FAIL
6395,FAIL
6396,FAIL
6397,LIVE
6398,LIVE
6399,FAIL
6400,LIVE
6401,LIVE
6402,FAIL
6403,LIVE
6404,LIVE
6405,FAIL
6406,FAIL
6407,FAIL
6408,FAIL
6409,FAIL
6410,LIVE
6411,FAIL
6412,LIVE
6413,FAIL
6414,LIVE
6415,LIVE
6416,FAIL
6417,FAIL
6418,FAIL
6419,FAIL
6420,FAIL
6421,FAIL
6422,FAIL
6423,FAIL
6424,FAIL
6425,FAIL
6426,FAIL
6427,FAIL
6428,FAIL
6429,FAIL
6430,FAIL
6431,FAIL
6432,LIVE
6433,LIVE
6434,FAIL
6435,FAIL
6436,FAIL
6437,FAIL
6438,LIVE
6439,FAIL
6440,FAIL
6441,LIVE
6442,LIVE
6443,FAIL
6444,FAIL
6445,FAIL
6446,FAIL
6447,LIVE
6448,FAIL
6449,FAIL
6450,LIVE
6451,LIVE
6452,FAIL
6453,FAIL
6454,FAIL
6455,FAIL
6456,LIVE
6457,LIVE
6458,FAIL
6459,FAIL
6460,FAIL
6461,FAIL
6462,LIVE
6463,FAIL
6464,FAIL
6465,LIVE
6466,FAIL
6467,FAIL
6468,LIVE
6469,FAIL
6470,LIVE
6471,FAIL
6472,FAIL
6473,FAIL
6474,FAIL
6475,FAIL
6476,LIVE
6477,LIVE
6478,LIVE
6479,LIVE
6480,FAIL
6481,FAIL
6482,FAIL
6483,FAIL
6484,FAIL
6485,FAIL
6486,FAIL
6487,FAIL
6488,LIVE
6489,FAIL
6490,FAIL
6491,FAIL
6492,FAIL
6493,FAIL
6494,FAIL
6495,FAIL
6496,FAIL
6497,FAIL
6498,FAIL
6499,FAIL
6500,FAIL
6501,LIVE
6502,FAIL
6503,FAIL
6504,LIVE
6505,FAIL
6506,LIVE
6507,FAIL
6508,LIVE
6509,LIVE
6510,FAIL
6511,FAIL
6512,FAIL
6513,LIVE
6514,FAIL
6515,LIVE
6516,FAIL
6517,FAIL
6518,FAIL
6519,FAIL
6520,FAIL
6521,FAIL
6522,FAIL
6523,FAIL
6524,FAIL
6525,FAIL
6526,FAIL
6527,FAIL
6528,FAIL
6535,LIVE
6536,FAIL
6537,FAIL
6538,LIVE
6539,FAIL
6540,LIVE
6541,LIVE
6542,LIVE
6543,FAIL
6544,LIVE
6545,LIVE
6546,LIVE
6547,LIVE
6548,FAIL
6549,FAIL
6550,LIVE
6551,FAIL
6552,FAIL
6553,LIVE
6554,FAIL
6555,LIVE
6556,FAIL
6557,FAIL
6558,LIVE
6559,FAIL
6560,FAIL
6561,LIVE
6562,FAIL
6563,FAIL
6564,LIVE
6565,FAIL
6566,FAIL
6567,FAIL
6568,FAIL
6569,FAIL
6570,FAIL
6571,FAIL
6572,FAIL
6573,LIVE
6574,FAIL
6575,LIVE
6576,LIVE
6577,FAIL
6578,LIVE
6579,FAIL
6580,FAIL
6581,FAIL
6582,FAIL
6583,LIVE
6584,FAIL
6585,FAIL
6586,FAIL
6587,LIVE
6588,FAIL
6589,FAIL
6590,LIVE
6591,FAIL
6592,FAIL
6593,FAIL
6594,FAIL
6595,FAIL
6596,FAIL
6597,LIVE
6598,LIVE
6599,FAIL
6600,FAIL
6601,FAIL
6602,FAIL
6603,FAIL
6604,FAIL
6605,FAIL
6606,FAIL
6607,FAIL
6608,LIVE
6609,FAIL
6610,FAIL
6611,FAIL
6612,LIVE
6613,FAIL
6614,FAIL
6615,FAIL
6616,FAIL
6617,FAIL
6618,LIVE
6619,FAIL
6620,FAIL
6621,FAIL
6622,FAIL
6623,FAIL
6624,LIVE
6625,FAIL
6626,FAIL
6627,FAIL
6628,LIVE
6629,LIVE
6630,FAIL
6631,LIVE
6632,FAIL
6633,LIVE
6634,FAIL
6635,FAIL
6636,LIVE
6637,FAIL
6638,FAIL
6639,LIVE
6640,FAIL
6641,FAIL
6642,LIVE
6643,FAIL
6644,FAIL
6645,LIVE
6646,FAIL
6647,FAIL
6648,LIVE
6649,FAIL
6650,FAIL
6651,LIVE
6652,FAIL
6653,FAIL
6654,FAIL
6655,LIVE
6656,FAIL
6657,FAIL
6658,LIVE
6659,FAIL
6660,LIVE
6661,LIVE
6662,FAIL
6663,LIVE
6664,LIVE
6665,FAIL
6666,LIVE
6667,FAIL
6668,FAIL
6669,LIVE
6670,FAIL
6671,FAIL
6672,LIVE
6673,FAIL
6674,LIVE
6675,LIVE
